Pclass,SibSp,Parch,Fare,Age,Cabin_A,Cabin_B,Cabin_C,Cabin_D,Cabin_E,Cabin_F,Cabin_G,Embark_Cherbourg,Embark_Queenstown,Embark_Southampton,Title_Arm,Title_Dr,Title_Master,Title_Miss,Title_Mr,Title_Ms,Title_Nobil,Title_Rev,Sex
1.0,0.125,0.0,0.014151057562208049,0.375,0,0,0,0,1,1,1,0,0,1,0,0,0,0,1,0,0,0,1
0.3333333333333333,0.125,0.0,0.13913573538264068,0.5,1,1,1,1,1,0,0,1,0,0,0,0,0,0,1,0,0,0,-1
1.0,0.0,0.0,0.015468569817999833,0.375,0,0,0,0,1,1,1,0,0,1,0,0,0,1,0,0,0,0,-1
0.3333333333333333,0.125,0.0,0.10364429745562033,0.5,1,1,1,1,1,0,0,0,0,1,0,0,0,0,1,0,0,0,-1
1.0,0.0,0.0,0.015712553569072387,0.5,0,0,0,0,1,1,1,0,0,1,0,0,0,0,1,0,0,0,1
1.0,0.0,0.0,0.01650950209357577,0.375,0,0,0,0,1,1,1,0,1,0,0,0,0,0,1,0,0,0,1
0.3333333333333333,0.0,0.0,0.10122885832000206,0.75,1,1,1,1,1,0,0,0,0,1,0,0,0,0,1,0,0,0,1
1.0,0.375,0.16666666666666666,0.04113566043083236,0.125,0,0,0,0,0,0,1,0,0,1,0,0,1,0,0,0,0,0,1
1.0,0.0,0.3333333333333333,0.021730754366528396,0.375,0,0,0,0,0,0,1,0,0,1,0,0,0,0,1,0,0,0,-1
0.6666666666666666,0.125,0.0,0.058694292654020104,0.25,0,0,0,1,1,1,0,1,0,0,0,0,0,0,1,0,0,0,-1
1.0,0.125,0.16666666666666666,0.03259622914329302,0.125,0,0,0,0,0,0,1,0,0,1,0,0,0,1,0,0,0,0,-1
0.3333333333333333,0.0,0.0,0.051822148727810165,0.75,1,1,1,1,1,0,0,0,0,1,0,0,0,1,0,0,0,0,-1
1.0,0.0,0.0,0.015712553569072387,0.25,0,0,0,0,1,1,1,0,0,1,0,0,0,0,1,0,0,0,1
1.0,0.125,0.8333333333333334,0.06104473451835265,0.5,0,0,0,0,0,0,1,0,0,1,0,0,0,0,1,0,0,0,1
1.0,0.0,0.0,0.015330377421392339,0.25,0,0,0,0,1,1,1,0,0,1,0,0,0,1,0,0,0,0,-1
0.6666666666666666,0.0,0.0,0.03122992013728673,0.75,0,0,0,1,1,1,0,0,0,1,0,0,0,0,1,0,0,0,-1
1.0,0.5,0.16666666666666666,0.056848213999904744,0.125,0,0,0,0,0,0,1,0,1,0,0,0,1,0,0,0,0,0,1
0.6666666666666666,0.0,0.0,0.025374310111545468,0.375,0,0,0,1,1,1,0,0,0,1,0,0,0,0,1,0,0,0,1
1.0,0.125,0.0,0.03513366015444757,0.5,0,0,0,0,1,1,1,0,0,1,0,0,0,0,1,0,0,0,-1
1.0,0.0,0.0,0.014102260811993537,0.375,0,0,0,0,1,1,1,1,0,0,0,0,0,0,1,0,0,0,-1
0.6666666666666666,0.0,0.0,0.050748620223090936,0.5,0,0,0,1,1,1,0,0,0,1,0,0,0,0,1,0,0,0,1
0.6666666666666666,0.0,0.0,0.025374310111545468,0.5,0,0,0,1,1,1,0,0,0,1,0,0,0,0,1,0,0,0,1
1.0,0.0,0.0,0.015671954672893913,0.25,0,0,0,0,1,1,1,0,1,0,0,0,0,1,0,0,0,0,-1
0.3333333333333333,0.0,0.0,0.06929138530460492,0.375,1,1,1,1,1,0,0,0,0,1,0,0,0,0,1,0,0,0,1
1.0,0.375,0.16666666666666666,0.04113566043083236,0.125,0,0,0,0,0,0,1,0,0,1,0,0,0,1,0,0,0,0,-1
1.0,0.125,0.8333333333333334,0.061264319894317944,0.5,0,0,0,0,0,0,1,0,0,1,0,0,0,0,1,0,0,0,-1
1.0,0.0,0.0,0.014102260811993537,0.375,0,0,0,0,1,1,1,1,0,0,0,0,0,0,1,0,0,0,1
0.3333333333333333,0.375,0.3333333333333333,0.5133418122566505,0.25,0,1,1,0,0,0,0,0,0,1,0,0,0,0,1,0,0,0,1
1.0,0.0,0.0,0.01537917417160685,0.375,0,0,0,0,1,1,1,0,1,0,0,0,0,1,0,0,0,0,-1
1.0,0.0,0.0,0.015411575213749284,0.375,0,0,0,0,1,1,1,0,0,1,0,0,0,0,1,0,0,0,1
0.3333333333333333,0.0,0.0,0.05410739813385612,0.5,1,1,1,1,1,0,0,1,0,0,0,0,0,0,0,0,1,0,1
0.3333333333333333,0.125,0.0,0.2859895551532101,0.375,1,1,1,1,1,0,0,1,0,0,0,0,0,0,1,0,0,0,-1
1.0,0.0,0.0,0.015126992566498259,0.375,0,0,0,0,1,1,1,0,1,0,0,0,0,1,0,0,0,0,-1
0.6666666666666666,0.0,0.0,0.020494635090094415,0.875,0,0,0,1,1,1,0,0,0,1,0,0,0,0,1,0,0,0,1
0.3333333333333333,0.125,0.0,0.16038672010106,0.375,1,1,1,1,1,0,0,1,0,0,0,0,0,0,1,0,0,0,1
0.3333333333333333,0.125,0.0,0.10149724044618187,0.625,1,1,1,1,1,0,0,0,0,1,0,0,0,0,1,0,0,0,1
1.0,0.0,0.0,0.014110458666029575,0.375,0,0,0,0,1,1,1,1,0,0,0,0,0,0,1,0,0,0,1
1.0,0.0,0.0,0.015712553569072387,0.375,0,0,0,0,1,1,1,0,0,1,0,0,0,0,1,0,0,0,1
1.0,0.25,0.0,0.03513366015444757,0.25,0,0,0,0,0,0,1,0,0,1,0,0,0,1,0,0,0,0,-1
1.0,0.125,0.0,0.021942337075458514,0.25,0,0,0,0,1,1,1,1,0,0,0,0,0,1,0,0,0,0,-1
1.0,0.125,0.0,0.018493968331299484,0.5,0,0,0,0,1,1,1,0,0,1,0,0,0,0,1,0,0,0,-1
0.6666666666666666,0.125,0.0,0.04098927018018883,0.375,0,0,0,1,1,1,0,0,0,1,0,0,0,0,1,0,0,0,-1
1.0,0.0,0.0,0.015411575213749284,0.375,0,0,0,0,1,1,1,1,0,0,0,0,0,0,1,0,0,0,1
0.6666666666666666,0.125,0.3333333333333333,0.08115719346076702,0.125,0,0,0,0,0,1,0,1,0,0,0,0,0,1,0,0,0,0,-1
1.0,0.0,0.0,0.01537917417160685,0.25,0,0,0,0,1,1,1,0,1,0,0,0,0,1,0,0,0,0,-1
1.0,0.0,0.0,0.015712553569072387,0.375,0,0,0,0,1,1,1,0,0,1,0,0,0,0,1,0,0,0,1
1.0,0.125,0.0,0.030253985132996517,0.375,0,0,0,0,1,1,1,0,1,0,0,0,0,0,1,0,0,0,1
1.0,0.0,0.0,0.015126992566498259,0.375,0,0,0,0,1,1,1,0,1,0,0,0,0,1,0,0,0,0,-1
1.0,0.25,0.0,0.04231498029001666,0.375,0,0,0,0,0,0,1,1,0,0,0,0,0,0,1,0,0,0,1
1.0,0.125,0.0,0.034743286152731485,0.25,0,0,0,0,1,1,1,0,0,1,0,0,0,0,1,0,0,0,-1
1.0,0.5,0.16666666666666666,0.07746484096553544,0.125,0,0,0,0,0,0,1,0,0,1,0,0,1,0,0,0,0,0,1
1.0,0.0,0.0,0.01522458606692728,0.375,0,0,0,0,1,1,1,0,0,1,0,0,0,0,1,0,0,0,1
0.3333333333333333,0.125,0.0,0.1497654242623688,0.625,1,1,1,1,1,0,0,1,0,0,0,0,0,0,1,0,0,0,-1
0.6666666666666666,0.125,0.0,0.050748620223090936,0.375,0,0,0,1,1,1,0,0,0,1,0,0,0,0,1,0,0,0,-1
0.3333333333333333,0.0,0.16666666666666666,0.1209753416358076,0.875,1,1,1,1,1,0,0,1,0,0,0,0,0,0,1,0,0,0,1
0.3333333333333333,0.0,0.0,0.06929138530460492,0.375,1,1,1,1,1,0,0,0,0,1,0,0,0,0,1,0,0,0,1
0.6666666666666666,0.0,0.0,0.020494635090094415,0.375,0,0,0,1,1,1,0,0,0,1,0,0,0,1,0,0,0,0,-1
1.0,0.0,0.0,0.014110458666029575,0.375,0,0,0,0,1,1,1,1,0,0,0,0,0,0,1,0,0,0,1
0.6666666666666666,0.125,0.3333333333333333,0.05416439273810667,0.125,0,0,0,0,0,1,0,0,0,1,0,0,0,1,0,0,0,0,-1
1.0,0.625,0.3333333333333333,0.09154270340242172,0.25,0,0,0,0,0,0,1,0,0,1,0,0,1,0,0,0,0,0,1
1.0,0.0,0.0,0.014110458666029575,0.375,0,0,0,0,1,1,1,1,0,0,0,0,0,0,1,0,0,0,1
0.3333333333333333,0.0,0.0,0.15614960068643363,0.5,1,1,1,1,1,0,0,0,0,1,0,0,0,1,0,0,0,0,-1
0.3333333333333333,0.125,0.0,0.16293234896625058,0.625,1,1,1,1,1,0,0,0,0,1,0,0,0,0,1,0,0,0,1
1.0,0.375,0.3333333333333333,0.05445717323939373,0.125,0,0,0,0,0,0,1,0,0,1,0,0,1,0,0,0,0,0,1
0.3333333333333333,0.0,0.0,0.05410739813385612,0.375,1,1,1,1,1,0,0,1,0,0,0,0,0,0,1,0,0,0,1
1.0,0.125,0.16666666666666666,0.029757819776815374,0.375,0,0,0,0,0,0,1,1,0,0,0,0,1,0,0,0,0,0,1
0.6666666666666666,0.0,0.0,0.020494635090094415,0.375,0,0,0,1,1,1,0,0,0,1,0,0,0,0,1,0,0,0,-1
1.0,0.0,0.0,0.015923941091001644,0.25,0,0,0,0,1,1,1,0,0,1,0,0,0,0,1,0,0,0,1
1.0,0.5,0.3333333333333333,0.015468569817999833,0.25,0,0,0,0,0,0,1,0,0,1,0,0,0,1,0,0,0,0,-1
1.0,0.25,0.0,0.016908073949327893,0.375,0,0,0,0,0,0,1,0,0,1,0,0,0,0,1,0,0,0,1
0.6666666666666666,0.0,0.0,0.020494635090094415,0.5,0,0,0,1,1,1,0,0,0,1,0,0,0,0,1,0,0,0,1
1.0,0.625,0.3333333333333333,0.09154270340242172,0.25,0,0,0,0,0,0,1,0,0,1,0,0,0,1,0,0,0,0,-1
0.6666666666666666,0.0,0.0,0.1434624456306609,0.375,0,0,0,1,1,1,0,0,0,1,0,0,0,0,1,0,0,0,1
1.0,0.125,0.0,0.028212719478023115,0.375,0,0,0,0,1,1,1,1,0,0,0,0,0,0,1,0,0,0,1
1.0,0.0,0.0,0.11027245763075773,0.5,0,0,0,0,1,1,1,0,0,1,0,0,0,0,1,0,0,0,1
1.0,0.0,0.0,0.014931805565640218,0.375,0,0,0,0,1,1,1,0,0,1,0,0,0,0,1,0,0,0,1
1.0,0.0,0.0,0.015411575213749284,0.375,0,0,0,0,1,1,1,0,0,1,0,0,0,0,1,0,0,0,1
1.0,0.0,0.0,0.015712553569072387,0.375,0,0,0,0,1,1,1,0,0,1,0,0,0,0,1,0,0,0,1
0.6666666666666666,0.0,0.3333333333333333,0.056604230248832196,0.125,0,0,0,0,0,1,0,0,0,1,0,0,1,0,0,0,0,0,1
1.0,0.0,0.0,0.024349578357040744,0.375,0,0,0,0,1,1,1,0,0,1,0,0,0,1,0,0,0,0,-1
1.0,0.0,0.0,0.017566830077223785,0.375,0,0,0,0,1,1,1,0,0,1,0,0,0,0,1,0,0,0,1
1.0,0.0,0.0,0.018542765081513996,0.375,0,0,0,0,1,1,1,0,0,1,0,0,0,0,1,0,0,0,1
1.0,0.0,0.0,0.015200187691820024,0.375,0,0,0,0,1,1,1,0,1,0,0,0,0,1,0,0,0,0,-1
0.3333333333333333,0.0,0.0,0.09193307740413781,0.375,1,1,1,1,1,0,0,0,0,1,0,0,0,0,1,0,0,0,1
0.6666666666666666,0.0,0.0,0.020494635090094415,0.25,0,0,0,1,1,1,0,0,0,1,0,0,0,1,0,0,0,0,-1
1.0,0.375,0.0,0.030937139635999665,0.5,0,0,0,0,0,0,1,0,0,1,0,0,0,0,1,0,0,0,-1
1.0,0.125,0.5,0.06709553154495196,0.25,0,0,0,0,0,0,1,0,0,1,0,0,0,0,1,0,0,0,1
1.0,0.0,0.0,0.015712553569072387,0.375,0,0,0,0,1,1,1,0,0,1,0,0,0,0,1,0,0,0,1
0.3333333333333333,0.375,0.3333333333333333,0.5133418122566505,0.375,0,1,1,0,0,0,0,0,0,1,0,0,0,1,0,0,0,0,-1
1.0,0.0,0.0,0.015712553569072387,0.375,0,0,0,0,1,1,1,0,0,1,0,0,0,0,1,0,0,0,1
1.0,0.0,0.0,0.015712553569072387,0.375,0,0,0,0,1,1,1,0,0,1,0,0,0,0,1,0,0,0,1
1.0,0.0,0.0,0.015330377421392339,0.25,0,0,0,0,1,1,1,0,0,1,0,0,0,0,1,0,0,0,1
0.3333333333333333,0.125,0.0,0.11940564777490723,0.625,1,1,1,1,1,0,0,0,0,1,0,0,0,0,1,0,0,0,1
1.0,0.125,0.3333333333333333,0.04015972542654215,0.375,0,0,0,0,0,0,1,0,0,1,0,0,0,0,1,0,0,0,1
1.0,0.0,0.0,0.014151057562208049,0.75,0,0,0,0,1,1,1,0,0,1,0,0,0,0,1,0,0,0,1
1.0,0.0,0.0,0.015712553569072387,0.375,0,0,0,0,1,1,1,0,0,1,0,0,0,0,1,0,0,0,1
0.3333333333333333,0.0,0.0,0.06764049365134761,1.0,1,1,1,1,1,0,0,1,0,0,0,0,0,0,1,0,0,0,1
0.3333333333333333,0.0,0.16666666666666666,0.12366716556464086,0.375,1,1,1,1,1,0,0,1,0,0,0,0,0,0,1,0,0,0,1
0.6666666666666666,0.0,0.16666666666666666,0.04489301019734967,0.5,0,0,0,1,1,1,0,0,0,1,0,0,0,0,1,0,0,0,-1
0.6666666666666666,0.125,0.0,0.050748620223090936,0.5,0,0,0,1,1,1,0,0,0,1,0,0,0,0,1,0,0,0,1
1.0,0.0,0.0,0.015411575213749284,0.375,0,0,0,0,1,1,1,0,0,1,0,0,0,1,0,0,0,0,-1
1.0,0.0,0.0,0.015411575213749284,0.375,0,0,0,0,1,1,1,0,0,1,0,0,0,0,1,0,0,0,1
0.3333333333333333,0.0,0.16666666666666666,0.15085515328815924,0.375,1,1,1,1,1,0,0,0,0,1,0,0,0,0,1,0,0,0,1
1.0,0.0,0.0,0.016891873428256675,0.5,0,0,0,0,1,1,1,0,0,1,0,0,0,0,1,0,0,0,1
1.0,0.25,0.0,0.015468569817999833,0.5,0,0,0,0,0,0,1,0,0,1,0,0,0,0,1,0,0,0,1
1.0,0.0,0.0,0.015411575213749284,0.375,0,0,0,0,1,1,1,0,0,1,0,0,0,0,1,0,0,0,1
1.0,0.0,0.0,0.014931805565640218,0.375,0,0,0,0,1,1,1,0,0,1,0,0,0,1,0,0,0,0,-1
1.0,0.0,0.0,0.015175789316712771,0.375,0,0,0,0,1,1,1,0,0,1,0,0,0,0,1,0,0,0,1
1.0,0.0,0.0,0.015411575213749284,0.5,0,0,0,0,1,1,1,0,0,1,0,0,0,0,1,0,0,0,1
1.0,0.125,0.0,0.04713766070721715,0.375,0,0,0,0,1,1,1,0,1,0,0,0,0,1,0,0,0,0,-1
0.3333333333333333,0.0,0.0,0.10149724044618187,0.625,1,1,1,1,1,0,0,0,0,1,0,0,0,0,1,0,0,0,1
1.0,0.125,0.0,0.028212719478023115,0.25,0,0,0,0,1,1,1,1,0,0,0,0,0,1,0,0,0,0,-1
1.0,0.0,0.0,0.015712553569072387,0.375,0,0,0,0,1,1,1,0,0,1,0,0,0,0,1,0,0,0,1
1.0,0.125,0.0,0.019177122834302632,0.25,0,0,0,0,1,1,1,0,0,1,0,0,0,1,0,0,0,0,-1
1.0,0.0,0.0,0.028220722145058292,0.25,0,0,0,0,1,1,1,1,0,0,0,0,0,1,0,0,0,0,-1
1.0,0.0,0.0,0.015468569817999833,0.375,0,0,0,0,1,1,1,0,0,1,0,0,0,0,1,0,0,0,1
1.0,0.0,0.0,0.015126992566498259,1.0,0,0,0,0,1,1,1,0,1,0,0,0,0,0,1,0,0,0,1
0.6666666666666666,0.125,0.0,0.04098927018018883,0.375,0,0,0,1,1,1,0,0,0,1,0,0,0,0,1,0,0,0,1
0.3333333333333333,0.0,0.16666666666666666,0.4831284260198326,0.375,1,1,1,1,1,0,0,1,0,0,0,0,0,0,1,0,0,0,1
1.0,0.5,0.3333333333333333,0.06104473451835265,0.125,0,0,0,0,0,0,1,0,0,1,0,0,0,1,0,0,0,0,-1
0.6666666666666666,0.25,0.0,0.1434624456306609,0.375,0,0,0,0,0,1,0,0,0,1,0,0,0,0,1,0,0,0,1
1.0,0.0,0.0,0.015712553569072387,0.375,0,0,0,0,1,1,1,0,0,1,0,0,0,0,1,0,0,0,1
0.6666666666666666,0.125,0.0,0.058694292654020104,0.5,0,0,0,1,1,1,0,1,0,0,0,0,0,0,1,0,0,0,1
0.6666666666666666,0.0,0.0,0.025374310111545468,0.5,0,0,0,1,1,1,0,0,0,1,0,0,0,1,0,0,0,0,-1
0.3333333333333333,0.0,0.16666666666666666,0.15085515328815924,0.75,1,1,1,1,1,0,0,0,0,1,0,0,0,0,1,0,0,0,1
1.0,0.125,0.0,0.021942337075458514,0.25,0,0,0,0,1,1,1,1,0,0,0,0,1,0,0,0,0,0,1
1.0,0.0,0.0,0.015126992566498259,0.375,0,0,0,0,1,1,1,0,1,0,0,0,0,0,1,0,0,0,1
1.0,0.0,0.0,0.01393967004027879,0.375,0,0,0,0,1,1,1,0,0,1,0,0,0,0,1,0,0,0,1
1.0,0.125,0.16666666666666666,0.04364049521284361,0.375,0,0,0,0,1,0,1,1,0,0,0,0,0,1,0,0,0,0,-1
1.0,0.0,0.0,0.013614293309848433,0.625,0,0,0,0,1,1,1,0,0,1,0,0,0,0,1,0,0,0,1
1.0,0.0,0.0,0.015411575213749284,0.5,0,0,0,0,1,1,1,1,0,0,0,0,0,0,1,0,0,0,1
1.0,0.0,0.0,0.013760683560491965,0.25,0,0,0,0,1,1,1,0,0,1,0,0,0,0,1,0,0,0,1
1.0,0.125,0.0,0.028302115124416098,0.625,0,0,0,0,1,1,1,0,0,1,0,0,0,0,1,0,0,0,-1
0.6666666666666666,0.125,0.0,0.050748620223090936,0.375,0,0,0,1,1,1,0,0,0,1,0,0,0,0,1,0,0,0,-1
0.6666666666666666,0.0,0.0,0.025374310111545468,0.375,0,0,0,1,1,1,0,0,0,1,0,0,0,0,1,0,0,0,1
0.6666666666666666,0.0,0.0,0.02936744577509929,0.375,0,0,0,1,1,1,0,1,0,0,0,0,0,0,1,0,0,0,1
0.3333333333333333,0.0,0.3333333333333333,0.051301584996521765,0.25,1,1,1,1,1,0,0,0,0,1,0,0,0,1,0,0,0,0,-1
0.3333333333333333,0.125,0.0,0.10364429745562033,0.5,1,1,1,1,1,0,0,0,0,1,0,0,0,0,1,0,0,0,1
1.0,0.0,0.0,0.01798980030808316,0.25,0,0,0,0,1,1,1,0,0,1,0,0,0,0,1,0,0,0,1
0.3333333333333333,0.0,0.0,0.15458810467956932,0.375,1,1,1,1,1,0,0,1,0,0,0,0,0,0,1,0,0,0,1
1.0,0.0,0.3333333333333333,0.029757819776815374,0.375,0,0,0,0,0,0,1,1,0,0,0,0,0,0,1,0,0,0,-1
1.0,0.0,0.0,0.015126992566498259,0.375,0,0,0,0,1,1,1,0,0,1,0,0,0,1,0,0,0,0,-1
1.0,0.125,0.0,0.030937139635999665,0.375,0,0,0,0,1,1,1,0,0,1,0,0,0,0,1,0,0,0,-1
1.0,0.0,0.0,0.013175122557917838,0.25,0,0,0,0,1,1,1,0,1,0,0,0,0,0,1,0,0,0,1
0.6666666666666666,0.0,0.0,0.022446505098674834,0.25,0,0,0,1,1,1,0,0,0,1,0,0,0,0,1,0,0,0,1
0.6666666666666666,0.125,0.16666666666666666,0.07173122281533045,0.25,0,0,0,0,0,1,0,0,0,1,0,0,0,0,1,0,0,0,1
1.0,0.0,0.0,0.015216388212891242,0.375,0,0,0,0,1,1,1,0,0,1,0,0,0,0,1,0,0,0,1
1.0,0.25,0.3333333333333333,0.06709553154495196,0.125,0,0,0,0,0,0,1,0,0,1,0,0,0,1,0,0,0,0,-1
0.6666666666666666,0.0,0.3333333333333333,0.050748620223090936,0.5,0,0,0,0,0,1,0,0,0,1,0,0,0,0,1,0,0,0,1
0.6666666666666666,0.0,0.0,0.025374310111545468,0.625,0,0,0,1,1,1,0,0,0,1,0,0,0,0,0,0,0,1,1
0.6666666666666666,0.0,0.0,0.02444717185746977,0.75,0,0,0,1,1,1,0,0,0,1,0,0,0,0,0,0,0,1,1
0.3333333333333333,0.125,0.0,0.12999454257145598,0.375,1,1,1,1,1,0,0,0,0,1,0,0,0,0,1,0,0,0,-1
1.0,0.0,0.0,0.015712553569072387,0.75,0,0,0,0,1,1,1,0,0,1,0,0,0,0,1,0,0,0,1
1.0,0.0,0.3333333333333333,0.028302115124416098,0.625,0,0,0,0,0,0,1,0,0,1,0,0,0,0,1,0,0,0,1
1.0,0.0,0.0,0.014273049437744325,0.375,0,0,0,0,1,1,1,0,0,1,0,0,0,0,1,0,0,0,1
0.3333333333333333,0.0,0.16666666666666666,0.11980421963065935,0.75,1,1,1,1,1,0,0,1,0,0,0,0,0,0,1,0,0,0,1
1.0,0.0,0.0,0.015094396337354966,0.25,0,0,0,0,1,1,1,0,1,0,0,0,0,1,0,0,0,0,-1
1.0,0.0,0.0,0.015712553569072387,0.375,0,0,0,0,1,1,1,0,0,1,0,0,0,0,1,0,0,0,1
1.0,0.0,0.0,0.016908073949327893,0.375,0,0,0,0,1,1,1,0,0,1,0,0,0,0,1,0,0,0,1
1.0,1.0,0.3333333333333333,0.13575255909676823,0.375,0,0,0,0,0,0,1,0,0,1,0,0,1,0,0,0,0,0,1
1.0,0.0,0.16666666666666666,0.031425107138144774,0.625,0,0,0,0,1,1,1,0,0,1,0,0,0,0,1,0,0,0,1
0.6666666666666666,0.0,0.0,0.030741952635141623,0.5,0,0,0,1,1,1,0,0,0,1,0,0,0,0,1,0,0,0,-1
1.0,0.0,0.0,0.015175789316712771,0.375,0,0,0,0,1,1,1,0,0,1,0,0,0,0,1,0,0,0,1
1.0,0.0,0.0,0.016908073949327893,0.25,0,0,0,0,1,1,1,0,0,1,0,0,0,0,1,0,0,0,1
1.0,0.5,0.16666666666666666,0.07746484096553544,0.125,0,0,0,0,0,0,1,0,0,1,0,0,1,0,0,0,0,0,1
1.0,0.0,0.3333333333333333,0.04006213192611313,0.125,0,0,0,0,0,0,1,0,0,1,0,0,1,0,0,0,0,0,1
0.3333333333333333,0.0,0.16666666666666666,0.10735285047192313,0.375,1,1,1,1,1,0,0,0,0,1,0,0,0,0,1,0,0,0,-1
1.0,0.125,0.6666666666666666,0.05445717323939373,0.625,0,0,0,0,0,0,1,0,0,1,0,0,0,0,1,0,0,0,-1
0.3333333333333333,0.0,0.0,0.050602229972447406,0.375,1,1,1,1,1,0,0,0,0,1,0,0,0,0,1,0,0,0,1
1.0,0.0,0.0,0.11027245763075773,0.375,0,0,0,0,1,1,1,0,0,1,0,0,0,0,1,0,0,0,1
0.3333333333333333,0.0,0.0,0.06538764528744409,0.875,1,1,1,1,1,0,0,0,0,1,0,0,0,0,1,0,0,0,1
1.0,0.5,0.16666666666666666,0.056848213999904744,0.125,0,0,0,0,0,0,1,0,1,0,0,0,1,0,0,0,0,0,1
1.0,0.125,0.16666666666666666,0.021730754366528396,0.125,0,0,0,0,0,0,1,0,0,1,0,0,0,1,0,0,0,0,-1
1.0,0.0,0.0,0.015468569817999833,0.375,0,0,0,0,1,1,1,0,0,1,0,0,0,0,1,0,0,0,1
0.3333333333333333,0.0,0.0,0.05991421140938287,0.75,1,1,1,1,1,0,0,1,0,0,0,0,0,0,1,0,0,0,1
1.0,0.125,0.16666666666666666,0.015330377421392339,0.25,0,0,0,0,0,0,1,0,0,1,0,0,0,0,1,0,0,0,1
1.0,0.375,0.16666666666666666,0.04970768794751499,0.375,0,0,0,0,0,0,1,0,0,1,0,0,1,0,0,0,0,0,1
0.3333333333333333,0.0,0.0,0.05604306762136532,0.625,1,1,1,1,1,0,0,1,0,0,0,0,0,1,0,0,0,0,-1
0.6666666666666666,0.0,0.0,0.025374310111545468,0.375,0,0,0,1,1,1,0,0,0,1,0,0,0,0,1,0,0,0,1
1.0,0.0,0.0,0.0,0.5,0,0,0,0,1,1,1,0,0,1,0,0,0,0,1,0,0,0,1
1.0,1.0,0.3333333333333333,0.13575255909676823,0.375,0,0,0,0,0,0,1,0,0,1,0,0,0,1,0,0,0,0,-1
0.6666666666666666,0.0,0.0,0.02937564362913533,0.375,0,0,0,1,1,1,0,1,0,0,0,0,0,0,1,0,0,0,1
1.0,0.5,0.3333333333333333,0.061264319894317944,0.125,0,0,0,0,0,0,1,0,0,1,0,0,1,0,0,0,0,0,1
0.6666666666666666,0.25,0.16666666666666666,0.0761229303346364,0.125,0,0,0,0,0,1,0,0,0,1,0,0,1,0,0,0,0,0,1
1.0,0.0,0.3333333333333333,0.04298993693898376,0.125,0,0,0,0,0,0,1,0,0,1,0,0,0,1,0,0,0,0,-1
0.3333333333333333,0.0,0.0,0.09759350042902103,0.375,1,1,1,1,1,0,0,0,0,1,0,0,0,0,1,0,0,0,1
1.0,0.125,0.0,0.030253985132996517,0.375,0,0,0,0,1,1,1,0,1,0,0,0,0,0,1,0,0,0,-1
0.3333333333333333,0.0,0.0,0.051822148727810165,0.625,1,1,1,1,1,0,0,0,0,1,0,0,0,0,1,0,0,0,1
1.0,0.125,0.16666666666666666,0.030253985132996517,0.5,0,0,0,0,0,0,1,0,1,0,0,0,0,0,1,0,0,0,1
1.0,0.0,0.0,0.015411575213749284,0.5,0,0,0,0,1,1,1,0,0,1,0,0,0,0,1,0,0,0,1
0.6666666666666666,0.0,0.0,0.025374310111545468,0.5,0,0,0,1,1,1,0,0,0,1,0,0,0,0,1,0,0,0,-1
0.6666666666666666,0.0,0.0,0.025374310111545468,0.25,0,0,0,1,1,1,0,0,0,1,0,0,0,0,1,0,0,0,1
1.0,0.125,0.0,0.015330377421392339,0.25,0,0,0,0,1,1,1,0,0,1,0,0,0,1,0,0,0,0,-1
0.6666666666666666,0.125,0.16666666666666666,0.050748620223090936,0.125,0,0,0,0,0,1,0,0,0,1,0,0,1,0,0,0,0,0,1
0.3333333333333333,0.0,0.0,0.05410739813385612,0.625,1,1,1,1,1,0,0,1,0,0,0,0,0,0,1,0,0,0,-1
0.3333333333333333,0.0,0.0,0.2859895551532101,0.75,1,1,1,1,1,0,0,1,0,0,0,0,0,1,0,0,0,0,-1
1.0,0.0,0.0,0.015126992566498259,0.375,0,0,0,0,1,1,1,0,1,0,0,0,0,0,1,0,0,0,1
1.0,0.0,0.16666666666666666,0.01640390592611157,0.625,0,0,0,0,1,1,1,0,0,1,0,0,0,0,1,0,0,0,1
1.0,0.0,0.0,0.015126992566498259,0.375,0,0,0,0,1,1,1,0,1,0,0,0,0,1,0,0,0,0,-1
0.6666666666666666,0.0,0.0,0.025374310111545468,0.375,0,0,0,1,1,1,0,0,0,1,0,0,0,0,1,0,0,0,-1
1.0,0.0,0.0,0.018542765081513996,0.375,0,0,0,0,1,1,1,0,0,1,0,0,0,0,1,0,0,0,1
1.0,1.0,0.3333333333333333,0.13575255909676823,0.375,0,0,0,0,0,0,1,0,0,1,0,0,0,0,1,0,0,0,1
1.0,0.0,0.0,0.012678957201736696,0.5,0,0,0,0,1,1,1,0,0,1,0,0,0,0,1,0,0,0,1
1.0,0.0,0.0,0.014102260811993537,0.625,0,0,0,0,1,1,1,1,0,0,0,0,0,0,1,0,0,0,1
1.0,0.0,0.0,0.015712553569072387,0.25,0,0,0,0,1,1,1,0,0,1,0,0,0,0,1,0,0,0,1
1.0,0.0,0.16666666666666666,0.02042143996477265,0.125,0,0,0,0,1,1,1,0,0,1,0,0,0,1,0,0,0,0,-1
1.0,0.125,0.0,0.030937139635999665,0.5,0,0,0,0,1,1,1,0,0,1,0,0,0,0,1,0,0,0,1
1.0,0.0,0.0,0.036670757786204655,0.375,0,0,0,0,1,1,1,1,0,0,0,0,0,0,1,0,0,0,1
1.0,0.0,0.0,0.015126992566498259,0.25,0,0,0,0,1,1,1,0,1,0,0,0,0,1,0,0,0,0,-1
0.3333333333333333,0.0,0.0,0.060507970265993034,0.5,1,1,1,1,1,0,0,1,0,0,0,0,0,0,1,0,0,0,1
1.0,0.0,0.0,0.013760683560491965,0.375,0,0,0,0,1,1,1,0,0,1,0,0,0,0,1,0,0,0,1
0.6666666666666666,0.0,0.0,0.04098927018018883,0.5,0,0,0,1,1,1,0,0,0,1,0,0,0,1,0,0,0,0,-1
1.0,0.0,0.0,0.014151057562208049,0.375,0,0,0,0,1,1,1,0,0,1,0,0,0,0,1,0,0,0,1
0.6666666666666666,0.0,0.0,0.025374310111545468,0.375,0,0,0,1,1,1,0,0,0,1,0,0,0,0,1,0,0,0,1
1.0,0.125,0.0,0.015126992566498259,0.375,0,0,0,0,1,1,1,0,1,0,0,0,0,0,1,0,0,0,1
0.3333333333333333,0.125,0.0,0.22109807522194713,0.5,1,1,1,1,1,0,0,1,0,0,0,0,0,1,0,0,0,0,-1
1.0,0.0,0.0,0.015468569817999833,0.375,0,0,0,0,1,1,1,0,0,1,0,0,0,1,0,0,0,0,-1
0.6666666666666666,0.125,0.0,0.05270049023167135,0.625,0,0,0,1,1,1,0,0,0,1,0,0,0,0,1,0,0,0,1
0.3333333333333333,0.0,0.0,0.14891148113361488,0.5,1,1,1,1,1,0,0,1,0,0,0,0,0,1,0,0,0,0,-1
0.6666666666666666,0.0,0.0,0.020494635090094415,0.375,0,0,0,1,1,1,0,0,0,1,0,0,0,0,1,0,0,0,1
1.0,0.0,0.0,0.015712553569072387,0.25,0,0,0,0,1,1,1,0,0,1,0,0,0,0,1,0,0,0,1
0.6666666666666666,0.0,0.0,0.025374310111545468,0.375,0,0,0,1,1,1,0,0,0,1,0,0,0,0,1,0,0,0,1
1.0,0.0,0.0,0.015712553569072387,0.75,0,0,0,0,1,1,1,0,0,1,0,0,0,0,1,0,0,0,1
1.0,0.0,0.0,0.015411575213749284,0.375,0,0,0,0,1,1,1,0,0,1,0,0,0,0,1,0,0,0,1
0.3333333333333333,0.125,0.0,0.17566830077223786,0.5,1,1,1,1,1,0,0,0,0,1,0,0,0,0,1,0,0,0,1
1.0,0.0,0.0,0.01824998458022693,0.375,0,0,0,0,1,1,1,0,0,1,0,0,0,0,1,0,0,0,1
0.6666666666666666,0.0,0.0,0.020494635090094415,0.25,0,0,0,1,1,1,0,0,0,1,0,0,0,0,1,0,0,0,1
1.0,0.0,0.0,0.014151057562208049,0.375,0,0,0,0,1,1,1,0,0,1,0,0,0,0,1,0,0,0,1
0.6666666666666666,0.0,0.0,0.025374310111545468,0.25,0,0,0,1,1,1,0,0,0,1,0,0,0,0,1,0,0,0,1
1.0,0.375,0.16666666666666666,0.04970768794751499,0.375,0,0,0,0,0,0,1,0,0,1,0,0,0,1,0,0,0,0,-1
0.3333333333333333,0.125,0.0,0.16293234896625058,0.5,1,1,1,1,1,0,0,0,0,1,0,0,0,0,1,0,0,0,-1
1.0,0.0,0.0,0.015175789316712771,0.375,0,0,0,0,1,1,1,0,0,1,0,0,0,0,1,0,0,0,1
0.6666666666666666,0.0,0.0,0.026350245115835676,0.75,0,0,0,1,1,1,0,0,0,1,0,0,0,0,1,0,0,0,1
1.0,0.5,0.3333333333333333,0.061264319894317944,0.125,0,0,0,0,0,0,1,0,0,1,0,0,0,1,0,0,0,0,-1
0.6666666666666666,0.0,0.0,0.020494635090094415,0.375,0,0,0,1,1,1,0,0,0,1,0,0,0,0,1,0,0,0,1
1.0,0.0,0.0,0.014736618564782174,0.375,0,0,0,0,1,1,1,0,0,1,0,0,0,1,0,0,0,0,-1
0.6666666666666666,0.125,0.0,0.050748620223090936,0.625,0,0,0,1,1,1,0,0,0,1,0,0,0,0,1,0,0,0,1
0.6666666666666666,0.0,0.3333333333333333,0.05123658772523604,0.125,0,0,0,0,0,1,0,0,0,1,0,0,0,1,0,0,0,0,-1
0.6666666666666666,0.0,0.0,0.020494635090094415,0.25,0,0,0,1,1,1,0,0,0,1,0,0,0,0,1,0,0,0,1
0.6666666666666666,0.0,0.0,0.023959204355324663,0.5,0,0,0,1,1,1,0,0,0,1,0,0,0,0,1,0,0,0,1
1.0,0.125,0.0,0.028212719478023115,0.375,0,0,0,0,1,1,1,1,0,0,0,0,0,1,0,0,0,0,-1
1.0,0.125,0.0,0.030253985132996517,0.375,0,0,0,0,1,1,1,0,1,0,0,0,0,1,0,0,0,0,-1
0.6666666666666666,0.0,0.0,0.020494635090094415,0.375,0,0,0,1,1,1,0,0,0,1,0,0,0,0,1,0,0,0,1
1.0,0.0,0.0,0.013907073811135496,0.375,0,0,0,0,1,1,1,0,0,1,0,0,0,0,1,0,0,0,1
1.0,0.0,0.0,0.014102260811993537,0.375,0,0,0,0,1,1,1,1,0,0,0,0,0,0,1,0,0,0,1
0.3333333333333333,0.25,0.0,0.17566830077223786,0.625,1,1,1,1,1,0,0,0,1,0,0,1,0,0,0,0,0,0,1
1.0,0.0,0.0,0.015175789316712771,0.375,0,0,0,0,1,1,1,0,0,1,0,0,0,1,0,0,0,0,-1
0.6666666666666666,0.0,0.3333333333333333,0.028302115124416098,0.375,0,0,0,0,0,1,0,0,0,1,0,0,0,0,1,0,0,0,-1
0.3333333333333333,0.125,0.16666666666666666,0.10257896680493714,0.5,1,1,1,1,1,0,0,0,0,1,0,0,0,0,1,0,0,0,1
0.6666666666666666,0.125,0.0,0.050748620223090936,0.75,0,0,0,1,1,1,0,0,0,1,0,0,0,0,0,0,0,1,1
1.0,0.0,0.0,0.014151057562208049,0.375,0,0,0,0,1,1,1,0,0,1,0,0,0,0,1,0,0,0,1
1.0,0.125,0.16666666666666666,0.02042143996477265,0.375,0,0,0,0,0,0,1,0,0,1,0,0,0,0,1,0,0,0,-1
0.3333333333333333,0.0,0.0,0.051822148727810165,0.875,1,1,1,1,1,0,0,0,0,1,0,0,0,0,1,0,0,0,1
1.0,0.125,0.0,0.031425107138144774,0.375,0,0,0,0,1,1,1,0,0,1,0,0,0,0,1,0,0,0,1
1.0,0.0,0.3333333333333333,0.039452172548431745,0.625,0,0,0,0,0,0,1,0,0,1,0,0,0,0,1,0,0,0,-1
1.0,0.0,0.3333333333333333,0.029757819776815374,0.375,0,0,0,0,0,0,1,1,0,0,0,0,0,0,1,0,0,0,-1
0.3333333333333333,0.0,0.0,0.15458810467956932,0.375,1,1,1,1,1,0,0,1,0,0,0,0,0,0,1,0,0,0,-1
0.3333333333333333,0.0,0.0,0.16883675574220638,0.375,1,1,1,1,1,0,0,0,0,1,0,0,0,1,0,0,0,0,-1
0.3333333333333333,0.0,0.0,1.0,0.5,1,1,1,1,1,0,0,1,0,0,0,0,0,1,0,0,0,0,-1
0.6666666666666666,0.0,0.16666666666666666,0.050748620223090936,0.625,0,0,0,1,1,1,0,0,0,1,0,0,0,0,1,0,0,0,-1
1.0,0.0,0.0,0.015126992566498259,0.375,0,0,0,0,1,1,1,0,1,0,0,0,0,0,1,0,0,0,1
1.0,0.5,0.3333333333333333,0.061264319894317944,0.125,0,0,0,0,0,0,1,0,0,1,0,0,1,0,0,0,0,0,1
0.3333333333333333,0.125,0.16666666666666666,0.1554664461834305,0.75,1,1,1,1,1,0,0,0,0,1,0,0,0,0,1,0,0,0,1
0.3333333333333333,0.0,0.0,0.0,0.5,1,1,1,1,1,0,0,0,0,1,0,0,0,0,1,0,0,0,1
1.0,0.0,0.0,0.015126992566498259,0.375,0,0,0,0,1,1,1,0,1,0,0,0,0,1,0,0,0,0,-1
0.6666666666666666,0.0,0.0,0.020494635090094415,0.5,0,0,0,1,1,1,0,0,0,1,0,0,0,0,1,0,0,0,1
1.0,0.5,0.16666666666666666,0.07746484096553544,0.25,0,0,0,0,0,0,1,0,0,1,0,0,0,0,1,0,0,0,1
1.0,0.125,0.0,0.015175789316712771,0.375,0,0,0,0,1,1,1,0,0,1,0,0,0,0,1,0,0,0,1
0.3333333333333333,0.0,0.16666666666666666,0.2995388511917728,0.75,1,1,1,1,1,0,0,0,0,1,0,0,0,0,1,0,0,0,-1
0.3333333333333333,0.0,0.0,0.2647385704347907,0.5,1,1,1,1,1,0,0,0,0,1,0,0,0,1,0,0,0,0,-1
0.3333333333333333,0.0,0.0,0.060507970265993034,0.375,1,1,1,1,1,0,0,0,0,1,0,0,0,0,1,0,0,0,1
1.0,0.0,0.0,0.0,0.375,0,0,0,0,1,1,1,0,0,1,0,0,0,0,1,0,0,0,1
0.6666666666666666,0.0,0.16666666666666666,0.0380614651673182,0.625,0,0,0,1,1,1,0,0,0,1,0,0,0,0,1,0,0,0,-1
0.3333333333333333,0.0,0.16666666666666666,0.057970539254838485,0.5,1,1,1,1,1,0,0,1,0,0,0,0,0,0,1,0,0,0,1
1.0,0.0,0.0,0.015126992566498259,0.375,0,0,0,0,1,1,1,0,1,0,0,0,0,1,0,0,0,0,-1
0.3333333333333333,0.125,0.0,0.15216446768991498,0.875,1,1,1,1,1,0,0,0,0,1,0,0,0,1,0,0,0,0,-1
1.0,0.0,0.0,0.015126992566498259,0.625,0,0,0,0,1,1,1,0,0,1,0,0,0,1,0,0,0,0,-1
0.6666666666666666,0.0,0.0,0.0,0.375,0,0,0,1,1,1,0,0,0,1,0,0,0,0,1,0,0,0,1
1.0,0.5,0.16666666666666666,0.056848213999904744,0.125,0,0,0,0,0,0,1,0,1,0,0,0,1,0,0,0,0,0,1
1.0,0.125,0.16666666666666666,0.03952536767375352,0.5,0,0,0,0,0,0,1,0,0,1,0,0,0,0,1,0,0,0,-1
1.0,0.0,0.0,0.015126992566498259,0.875,0,0,0,0,1,1,1,0,1,0,0,0,0,0,1,0,0,0,1
1.0,0.0,0.0,0.015330377421392339,0.375,0,0,0,0,1,1,1,0,0,1,0,0,0,0,1,0,0,0,1
1.0,0.0,0.0,0.018542765081513996,0.25,0,0,0,0,1,1,1,0,0,1,0,0,0,0,1,0,0,0,1
1.0,0.0,0.0,0.015712553569072387,0.25,0,0,0,0,1,1,1,0,0,1,0,0,0,0,1,0,0,0,1
0.3333333333333333,0.0,0.0,0.050748620223090936,0.375,1,1,1,1,1,0,0,0,0,1,0,0,0,0,1,0,0,0,1
1.0,0.0,0.0,0.016908073949327893,0.5,0,0,0,0,1,1,1,1,0,0,0,0,0,0,1,0,0,0,1
1.0,0.0,0.0,0.018542765081513996,0.375,0,0,0,0,1,1,1,0,0,1,0,0,0,0,1,0,0,0,1
1.0,0.0,0.0,0.015411575213749284,0.375,0,0,0,0,1,1,1,0,0,1,0,0,0,0,1,0,0,0,1
0.6666666666666666,0.0,0.0,0.025374310111545468,0.625,0,0,0,1,1,1,0,0,0,1,0,0,0,0,1,0,0,0,1
1.0,0.0,0.0,0.015126992566498259,0.375,0,0,0,0,1,1,1,0,1,0,0,0,0,1,0,0,0,0,-1
0.3333333333333333,0.0,0.0,0.15390495017656614,0.375,1,1,1,1,1,0,0,0,0,1,0,0,0,1,0,0,0,0,-1
0.3333333333333333,0.125,0.0,0.17777475888549785,0.25,1,1,1,1,1,0,0,1,0,0,0,0,0,0,1,0,0,0,-1
0.6666666666666666,0.0,0.0,0.025130326360472913,0.5,0,0,0,1,1,1,0,1,0,0,0,0,0,0,1,0,0,0,1
1.0,0.0,0.0,0.01727404957593672,0.375,0,0,0,0,1,1,1,0,0,1,0,0,0,1,0,0,0,0,-1
1.0,0.0,0.0,0.015411575213749284,0.375,0,0,0,0,1,1,1,0,0,1,0,0,0,0,1,0,0,0,1
0.3333333333333333,0.0,0.0,0.05410739813385612,0.375,1,1,1,1,1,0,0,1,0,0,0,0,0,0,1,0,0,0,1
1.0,0.0,0.0,0.014110458666029575,0.375,0,0,0,0,1,1,1,1,0,0,0,0,0,0,1,0,0,0,1
0.3333333333333333,0.125,0.3333333333333333,0.29580589980036276,0.125,0,1,1,0,0,0,0,0,0,1,0,0,0,1,0,0,0,0,-1
0.3333333333333333,0.0,0.0,0.05953203526170282,0.375,1,1,1,1,1,0,0,0,0,1,0,0,0,0,1,0,0,0,1
0.3333333333333333,0.0,0.16666666666666666,0.4831284260198326,0.625,1,1,1,1,1,0,0,1,0,0,0,0,0,0,1,0,0,0,-1
1.0,0.0,0.0,0.015126992566498259,0.375,0,0,0,0,1,1,1,0,1,0,0,0,0,1,0,0,0,0,-1
1.0,0.25,0.0,0.04538097769949478,0.375,0,0,0,0,0,0,1,0,1,0,0,0,0,0,1,0,0,0,1
1.0,0.0,0.0,0.0,0.25,0,0,0,0,1,1,1,0,0,1,0,0,0,0,1,0,0,0,1
0.6666666666666666,0.0,0.0,0.024105594605968193,0.375,0,0,0,1,1,1,0,0,1,0,0,0,0,1,0,0,0,0,-1
1.0,0.0,0.0,0.015712553569072387,0.375,0,0,0,0,1,1,1,0,0,1,0,0,0,0,1,0,0,0,1
0.3333333333333333,0.125,0.3333333333333333,0.29580589980036276,0.125,0,1,1,0,0,0,0,0,0,1,0,0,1,0,0,0,0,0,1
0.3333333333333333,0.0,0.0,0.21642978772242535,0.375,1,1,1,1,1,0,0,1,0,0,0,0,0,1,0,0,0,0,-1
0.3333333333333333,0.125,0.0,0.2125586439344078,0.25,1,1,1,1,1,0,0,1,0,0,0,0,0,0,1,0,0,0,-1
0.6666666666666666,0.125,0.0,0.04684488020593009,0.375,0,0,0,1,1,1,0,1,0,0,0,0,0,0,1,0,0,0,1
0.3333333333333333,0.0,0.0,0.11111839809247648,0.375,1,1,1,1,1,0,0,1,0,0,0,0,0,1,0,0,0,0,-1
0.3333333333333333,0.0,0.0,0.16231419173453318,0.375,1,1,1,1,1,0,0,1,0,0,0,0,0,1,0,0,0,0,-1
0.3333333333333333,0.25,0.3333333333333333,0.5121218935012878,0.25,0,1,1,0,0,0,0,1,0,0,0,0,0,1,0,0,0,0,-1
0.6666666666666666,0.125,0.16666666666666666,0.050748620223090936,0.375,0,0,0,0,0,1,0,0,0,1,0,0,0,0,1,0,0,0,-1
1.0,0.0,0.0,0.015411575213749284,0.375,0,0,0,0,1,1,1,0,0,1,0,0,0,0,1,0,0,0,1
0.6666666666666666,0.125,0.16666666666666666,0.05123658772523604,0.625,0,0,0,0,0,1,0,0,0,1,0,0,0,0,1,0,0,0,1
1.0,0.0,0.0,0.015330377421392339,0.375,0,0,0,0,1,1,1,0,0,1,0,0,0,1,0,0,0,0,-1
0.6666666666666666,0.125,0.0,0.050748620223090936,0.375,0,0,0,1,1,1,0,0,0,1,0,0,0,0,1,0,0,0,-1
0.6666666666666666,0.0,0.0,0.027326180120125887,0.75,0,0,0,1,1,1,0,0,0,1,0,1,0,0,0,0,0,0,1
0.3333333333333333,0.0,0.3333333333333333,0.32179836714362564,0.5,1,1,1,1,1,0,0,0,0,1,0,0,0,1,0,0,0,0,-1
0.3333333333333333,0.125,0.16666666666666666,0.2625265161540666,0.5,1,1,1,1,1,0,0,1,0,0,0,0,0,0,1,0,0,0,-1
1.0,0.0,0.0,0.014151057562208049,0.375,0,0,0,0,1,1,1,0,0,1,0,0,0,0,1,0,0,0,1
1.0,0.0,0.0,0.015411575213749284,0.375,0,0,0,0,1,1,1,0,0,1,0,0,0,0,1,0,0,0,1
0.6666666666666666,0.0,0.0,0.024105594605968193,0.375,0,0,0,1,1,1,0,0,1,0,0,0,0,1,0,0,0,0,-1
0.6666666666666666,0.125,0.16666666666666666,0.056604230248832196,0.375,0,0,0,0,0,1,0,0,0,1,0,0,0,0,1,0,0,0,-1
1.0,1.0,0.3333333333333333,0.13575255909676823,0.375,0,0,0,0,0,0,1,0,0,1,0,0,0,0,1,0,0,0,1
0.3333333333333333,0.0,0.0,0.2647385704347907,0.5,1,1,1,1,1,0,0,1,0,0,0,0,0,1,0,0,0,0,-1
1.0,0.0,0.0,0.012174789178520372,0.875,0,0,0,0,1,1,1,0,0,1,0,0,0,0,1,0,0,0,1
0.6666666666666666,0.0,0.0,0.025374310111545468,0.5,0,0,0,1,1,1,0,0,0,1,0,0,0,0,1,0,0,0,-1
1.0,0.125,0.16666666666666666,0.04006213192611313,0.5,0,0,0,0,0,0,1,0,0,1,0,0,0,0,1,0,0,0,-1
0.3333333333333333,0.0,0.16666666666666666,0.11316786160148591,0.25,1,1,1,1,1,0,0,1,0,0,0,0,0,1,0,0,0,0,-1
1.0,0.25,0.0,0.04538097769949478,0.375,0,0,0,0,0,0,1,0,1,0,0,0,0,1,0,0,0,0,-1
0.3333333333333333,0.0,0.0,0.055628295244541985,0.625,1,1,1,1,1,0,0,0,0,1,0,0,0,0,1,0,0,0,1
0.3333333333333333,0.0,0.16666666666666666,0.2995388511917728,0.5,1,1,1,1,1,0,0,0,0,1,0,0,0,0,1,0,0,0,1
1.0,0.25,0.0,0.03513366015444757,0.25,0,0,0,0,0,0,1,0,0,1,0,0,0,0,1,0,0,0,1
0.3333333333333333,0.125,0.0,0.2608674266467732,0.375,1,1,1,1,1,0,0,0,0,1,0,0,0,0,1,0,0,0,-1
1.0,0.0,0.0,0.015411575213749284,0.375,0,0,0,0,1,1,1,0,0,1,0,0,0,0,1,0,0,0,1
0.3333333333333333,0.125,0.0,0.12999454257145598,0.375,1,1,1,1,1,0,0,0,0,1,0,0,0,0,1,0,0,0,1
0.3333333333333333,0.0,0.0,0.2625265161540666,0.625,1,1,1,1,1,0,0,1,0,0,0,0,0,1,0,0,0,0,-1
1.0,0.0,0.0,0.015712553569072387,0.625,0,0,0,0,1,1,1,0,0,1,0,0,0,0,1,0,0,0,1
0.3333333333333333,0.0,0.0,0.06929138530460492,0.625,1,1,1,1,1,0,0,0,0,1,0,0,0,0,1,0,0,0,1
0.6666666666666666,0.125,0.16666666666666666,0.050748620223090936,0.125,0,0,0,0,0,1,0,0,0,1,0,0,1,0,0,0,0,0,1
0.3333333333333333,0.375,0.3333333333333333,0.5133418122566505,0.375,0,1,1,0,0,0,0,0,0,1,0,0,0,1,0,0,0,0,-1
0.6666666666666666,0.0,0.0,0.025374310111545468,0.375,0,0,0,1,1,1,0,0,0,1,0,0,0,0,1,0,0,0,1
0.6666666666666666,0.0,0.0,0.025374310111545468,0.375,0,0,0,1,1,1,0,0,0,1,0,0,0,0,1,0,0,0,1
0.6666666666666666,0.0,0.0,0.025374310111545468,0.5,0,0,0,1,1,1,0,0,0,1,0,0,0,0,1,0,0,0,1
0.6666666666666666,0.0,0.0,0.025374310111545468,0.375,0,0,0,1,1,1,0,0,0,1,0,0,0,1,0,0,0,0,-1
0.6666666666666666,0.0,0.0,0.025374310111545468,0.5,0,0,0,1,1,1,0,0,0,1,0,0,0,1,0,0,0,0,-1
1.0,0.125,0.0,0.031425107138144774,0.375,0,0,0,0,1,1,1,0,0,1,0,0,0,0,1,0,0,0,-1
1.0,0.125,0.16666666666666666,0.031034733136428686,0.125,0,0,0,0,0,0,1,0,0,1,0,0,1,0,0,0,0,0,1
1.0,0.0,0.0,0.016908073949327893,0.625,0,0,0,0,1,1,1,0,0,1,0,0,0,0,1,0,0,0,1
1.0,0.0,0.0,0.01800600082915438,0.375,0,0,0,0,1,1,1,0,0,1,0,0,0,0,1,0,0,0,1
0.3333333333333333,0.0,0.0,0.06831545030031472,0.375,1,1,1,1,1,0,0,0,0,1,0,0,0,0,1,0,0,0,1
1.0,0.125,0.16666666666666666,0.014110458666029575,0.25,0,0,0,0,0,0,1,1,0,0,0,0,0,0,1,0,0,0,1
1.0,0.125,0.0,0.034743286152731485,0.375,0,0,0,0,1,1,1,0,0,1,0,0,0,0,1,0,0,0,1
1.0,0.0,0.0,0.014102260811993537,0.375,0,0,0,0,1,1,1,1,0,0,0,0,0,0,1,0,0,0,1
1.0,0.0,0.0,0.018542765081513996,0.375,0,0,0,0,1,1,1,0,0,1,0,0,0,0,1,0,0,0,1
0.3333333333333333,0.0,0.16666666666666666,0.10735285047192313,0.375,1,1,1,1,1,0,0,0,0,1,0,0,0,1,0,0,0,0,-1
0.6666666666666666,0.0,0.0,0.025374310111545468,0.5,0,0,0,1,1,1,0,0,0,1,0,0,0,1,0,0,0,0,-1
1.0,0.0,0.0,0.01537917417160685,0.375,0,0,0,0,1,1,1,0,1,0,0,0,0,1,0,0,0,0,-1
1.0,0.0,0.0,0.01537917417160685,0.375,0,0,0,0,1,1,1,0,1,0,0,0,0,1,0,0,0,0,-1
1.0,0.125,0.6666666666666666,0.05445717323939373,0.5,0,0,0,0,0,0,1,0,0,1,0,0,0,0,1,0,0,0,1
0.6666666666666666,0.125,0.0,0.05410739813385612,0.375,0,0,0,1,1,1,0,1,0,0,0,0,0,0,1,0,0,0,1
1.0,0.0,0.16666666666666666,0.028212719478023115,0.625,0,0,0,0,1,1,1,1,0,0,0,0,0,0,1,0,0,0,-1
1.0,0.0,0.0,0.013760683560491965,0.5,0,0,0,0,1,1,1,0,0,1,0,0,0,0,1,0,0,0,1
1.0,0.125,0.0,0.030253985132996517,0.375,0,0,0,0,1,1,1,0,1,0,0,0,0,0,1,0,0,0,1
1.0,0.0,0.0,0.014151057562208049,0.375,0,0,0,0,1,1,1,0,0,1,0,0,0,0,1,0,0,0,1
0.3333333333333333,0.125,0.0,0.14687821814567664,0.75,1,1,1,1,1,0,0,1,0,0,0,0,0,0,1,0,0,0,-1
1.0,0.0,0.0,0.014110458666029575,0.375,0,0,0,0,1,1,1,1,0,0,0,0,0,0,1,0,0,0,-1
1.0,0.0,0.0,0.015126992566498259,0.375,0,0,0,0,1,1,1,0,1,0,0,0,0,1,0,0,0,0,-1
0.3333333333333333,0.0,0.0,0.13526459159462315,0.375,1,1,1,1,1,0,0,1,0,0,0,0,0,0,0,1,0,0,-1
0.3333333333333333,0.125,0.0,0.1082149914547131,0.375,1,1,1,1,1,0,0,1,0,0,0,0,0,0,1,0,0,0,1
1.0,0.125,0.0,0.012678957201736696,0.25,0,0,0,0,1,1,1,0,0,1,0,0,0,0,1,0,0,0,1
1.0,0.0,0.0,0.015712553569072387,0.25,0,0,0,0,1,1,1,0,0,1,0,0,0,0,1,0,0,0,1
0.3333333333333333,0.0,0.0,0.2647385704347907,0.375,1,1,1,1,1,0,0,1,0,0,0,0,0,0,1,0,0,0,1
1.0,0.375,0.16666666666666666,0.04113566043083236,0.125,0,0,0,0,0,0,1,0,0,1,0,0,0,1,0,0,0,0,-1
0.3333333333333333,0.125,0.0,0.16038672010106,0.375,1,1,1,1,1,0,0,1,0,0,0,0,0,0,1,0,0,0,-1
1.0,0.0,0.0,0.014151057562208049,0.375,0,0,0,0,1,1,1,0,0,1,0,0,0,1,0,0,0,0,-1
0.3333333333333333,0.0,0.3333333333333333,0.41282050681475896,0.375,1,1,1,1,1,0,0,1,0,0,0,0,0,0,1,0,0,0,1
1.0,0.0,0.0,0.007831878409428937,0.25,0,0,0,0,1,1,1,1,0,0,0,0,0,0,1,0,0,0,1
1.0,0.0,0.0,0.015175789316712771,0.25,0,0,0,0,1,1,1,0,0,1,0,0,0,0,1,0,0,0,1
0.3333333333333333,0.0,0.0,0.4440992237022602,0.625,1,1,1,1,1,0,0,1,0,0,0,0,0,1,0,0,0,0,-1
1.0,0.0,0.3333333333333333,0.030725752114070404,0.125,0,0,0,0,0,0,1,1,0,0,0,0,0,1,0,0,0,0,-1
1.0,0.0,0.0,0.015468569817999833,0.5,0,0,0,0,1,1,1,0,0,1,0,0,0,0,1,0,0,0,1
0.3333333333333333,0.125,0.0,0.10149724044618187,0.5,1,1,1,1,1,0,0,0,0,1,0,0,0,0,1,0,0,0,-1
1.0,0.0,0.0,0.015411575213749284,0.375,0,0,0,0,1,1,1,0,0,1,0,0,0,0,1,0,0,0,1
0.6666666666666666,0.0,0.0,0.1434624456306609,0.25,0,0,0,1,1,1,0,0,0,1,0,0,0,0,1,0,0,0,1
1.0,0.625,0.3333333333333333,0.09154270340242172,0.125,0,0,0,0,0,0,1,0,0,1,0,0,1,0,0,0,0,0,1
0.6666666666666666,0.0,0.0,0.025374310111545468,0.5,0,0,0,1,1,1,0,0,0,1,0,0,0,1,0,0,0,0,-1
1.0,0.0,0.0,0.015086393670319786,0.375,0,0,0,0,1,1,1,0,1,0,0,0,0,0,1,0,0,0,1
0.6666666666666666,0.0,0.0,0.023422440102965045,0.25,0,0,0,1,1,1,0,1,0,0,0,0,0,1,0,0,0,0,-1
0.3333333333333333,0.125,0.3333333333333333,0.23422440102965045,0.5,0,1,1,0,0,0,0,0,0,1,0,0,0,0,1,0,0,0,1
1.0,0.0,0.0,0.015216388212891242,0.375,0,0,0,0,1,1,1,0,0,1,0,0,0,0,1,0,0,0,1
1.0,0.25,0.0,0.015468569817999833,0.375,0,0,0,0,0,0,1,0,0,1,0,0,0,0,1,0,0,0,1
0.3333333333333333,0.125,0.0,0.22109807522194713,0.375,1,1,1,1,1,0,0,1,0,0,0,0,0,1,0,0,0,0,-1
1.0,0.0,0.3333333333333333,0.03259622914329302,0.375,0,0,0,0,0,0,1,0,0,1,0,0,0,0,1,0,0,0,-1
1.0,0.0,0.0,0.015216388212891242,0.375,0,0,0,0,1,1,1,0,0,1,0,0,0,0,1,0,0,0,1
1.0,0.0,0.0,0.015330377421392339,0.5,0,0,0,0,1,1,1,0,0,1,0,0,0,1,0,0,0,0,-1
0.6666666666666666,0.0,0.0,0.050748620223090936,0.625,0,0,0,1,1,1,0,0,0,1,0,0,0,0,1,0,0,0,1
0.6666666666666666,0.0,0.0,0.020494635090094415,0.375,0,0,0,1,1,1,0,0,0,1,0,1,0,0,0,0,0,0,1
0.6666666666666666,0.0,0.0,0.02469115560854232,0.375,0,0,0,1,1,1,0,0,0,1,0,0,0,0,1,0,0,0,-1
1.0,0.0,0.0,0.015468569817999833,0.5,0,0,0,0,1,1,1,0,0,1,0,0,0,0,1,0,0,0,1
1.0,0.0,0.0,0.015712553569072387,0.375,0,0,0,0,1,1,1,0,0,1,0,0,0,0,1,0,0,0,1
1.0,0.125,0.0,0.019177122834302632,0.375,0,0,0,0,1,1,1,0,0,1,0,0,0,1,0,0,0,0,-1
1.0,0.125,0.0,0.030937139635999665,0.375,0,0,0,0,1,1,1,0,0,1,0,0,0,0,1,0,0,0,1
1.0,0.0,0.0,0.016908073949327893,0.25,0,0,0,0,1,1,1,0,0,1,0,0,0,1,0,0,0,0,-1
0.6666666666666666,0.125,0.0,0.04098927018018883,0.5,0,0,0,1,1,1,0,0,0,1,0,0,0,0,1,0,0,0,1
1.0,0.0,0.0,0.015126992566498259,0.75,0,0,0,0,1,1,1,0,0,1,0,0,0,0,1,0,0,0,1
0.6666666666666666,0.125,0.16666666666666666,0.03659756266088288,0.125,0,0,0,0,0,1,0,0,0,1,0,0,1,0,0,0,0,0,1
1.0,0.0,0.0,0.015175789316712771,0.375,0,0,0,0,1,1,1,0,0,1,0,0,0,0,1,0,0,0,1
1.0,0.375,0.16666666666666666,0.04970768794751499,0.375,0,0,0,0,0,0,1,0,0,1,0,0,0,1,0,0,0,0,-1
1.0,0.0,0.0,0.015411575213749284,0.375,0,0,0,0,1,1,1,0,0,1,0,0,0,0,1,0,0,0,1
1.0,0.0,0.0,0.013386510079847098,0.375,0,0,0,0,1,1,1,0,1,0,0,0,0,0,1,0,0,0,1
0.3333333333333333,0.125,0.0,0.17566830077223786,0.5,1,1,1,1,1,0,0,0,1,0,0,0,0,1,0,0,0,0,-1
0.6666666666666666,0.0,0.0,0.0,0.375,0,0,0,1,1,1,0,0,0,1,0,0,0,0,1,0,0,0,1
1.0,0.0,0.0,0.015468569817999833,0.625,0,0,0,0,1,1,1,0,0,1,0,0,0,0,1,0,0,0,1
1.0,0.0,0.0,0.015712553569072387,0.375,0,0,0,0,1,1,1,0,0,1,0,0,0,0,1,0,0,0,-1
0.6666666666666666,0.125,0.16666666666666666,0.06343577527886367,0.5,0,0,0,0,0,1,0,0,0,1,0,0,0,0,1,0,0,0,-1
0.6666666666666666,0.0,0.3333333333333333,0.025374310111545468,0.25,0,0,0,0,0,1,0,0,0,1,0,0,0,1,0,0,0,0,-1
0.6666666666666666,0.0,0.0,0.025374310111545468,0.375,0,0,0,1,1,1,0,0,0,1,0,0,0,0,1,0,0,0,1
1.0,0.0,0.3333333333333333,0.04713766070721715,0.125,0,0,0,0,0,0,1,0,0,1,0,0,0,1,0,0,0,0,-1
1.0,0.0,0.0,0.015411575213749284,0.375,0,0,0,0,1,1,1,1,0,0,0,0,0,0,1,0,0,0,1
1.0,0.0,0.0,0.015094396337354966,0.375,0,0,0,0,1,1,1,0,1,0,0,0,0,0,1,0,0,0,1
1.0,0.0,0.0,0.015370976317570811,0.375,0,0,0,0,1,1,1,0,0,1,0,0,0,0,1,0,0,0,1
1.0,0.125,0.16666666666666666,0.028106928123558056,0.375,0,0,0,0,0,0,1,0,0,1,0,0,0,0,1,0,0,0,-1
1.0,0.125,0.16666666666666666,0.039452172548431745,0.25,0,0,0,0,0,0,1,0,0,1,0,0,0,0,1,0,0,0,1
1.0,0.0,0.0,0.014151057562208049,0.375,0,0,0,0,1,1,1,0,0,1,0,0,0,0,1,0,0,0,1
0.6666666666666666,0.125,0.0,0.050748620223090936,0.375,0,0,0,1,1,1,0,0,0,1,0,0,0,0,1,0,0,0,-1
0.6666666666666666,0.0,0.0,0.050748620223090936,0.25,0,0,0,1,1,1,0,0,0,1,0,0,0,0,1,0,0,0,-1
1.0,0.0,0.0,0.015126992566498259,0.375,0,0,0,0,1,1,1,0,1,0,0,0,0,0,1,0,0,0,1
1.0,0.0,0.0,0.015712553569072387,0.5,0,0,0,0,1,1,1,0,0,1,0,0,0,0,1,0,0,0,1
0.3333333333333333,0.0,0.0,0.051822148727810165,0.375,1,1,1,1,1,0,0,0,0,1,0,0,0,0,1,0,0,0,1
1.0,0.125,0.0,0.031425107138144774,0.375,0,0,0,0,1,1,1,0,0,1,0,0,0,0,1,0,0,0,-1
0.6666666666666666,0.125,0.0,0.050748620223090936,0.625,0,0,0,1,1,1,0,0,0,1,0,0,0,0,1,0,0,0,-1
1.0,0.0,0.0,0.013907073811135496,0.25,0,0,0,0,1,1,1,0,0,1,0,0,0,0,1,0,0,0,1
0.3333333333333333,0.125,0.0,0.1091095334796455,0.625,1,1,1,1,1,0,0,0,0,1,0,0,0,0,1,0,0,0,1
0.3333333333333333,0.125,0.3333333333333333,0.23422440102965045,0.25,0,1,1,0,0,0,0,0,0,1,0,0,0,1,0,0,0,0,-1
1.0,0.25,0.3333333333333333,0.06709553154495196,0.375,0,0,0,0,0,0,1,0,0,1,0,0,0,1,0,0,0,0,-1
0.6666666666666666,0.25,0.5,0.03659756266088288,0.375,0,0,0,0,0,1,0,0,0,1,0,0,0,0,1,0,0,0,-1
0.3333333333333333,0.125,0.6666666666666666,0.5133418122566505,0.875,0,1,1,0,0,0,0,0,0,1,0,0,0,0,1,0,0,0,1
0.6666666666666666,0.0,0.0,0.020494635090094415,0.5,0,0,0,1,1,1,0,0,0,1,0,0,0,0,1,0,0,0,1
0.6666666666666666,0.125,0.16666666666666666,0.05123658772523604,0.625,0,0,0,0,0,1,0,0,0,1,0,0,0,0,1,0,0,0,-1
1.0,0.0,0.0,0.018542765081513996,0.25,0,0,0,0,1,1,1,0,0,1,0,0,0,0,1,0,0,0,1
1.0,0.125,0.0,0.015175789316712771,0.375,0,0,0,0,1,1,1,0,0,1,0,0,0,0,1,0,0,0,1
0.6666666666666666,0.0,0.0,0.025374310111545468,0.375,0,0,0,1,1,1,0,0,0,1,0,0,0,0,0,1,0,0,-1
1.0,0.0,0.0,0.015834545444608664,0.375,0,0,0,0,1,1,1,0,0,1,0,0,0,0,1,0,0,0,1
0.3333333333333333,0.0,0.3333333333333333,0.15977676072337862,0.125,1,1,1,1,1,0,0,0,0,1,0,0,1,0,0,0,0,0,1
0.6666666666666666,0.0,0.16666666666666666,0.0380614651673182,0.25,0,0,0,1,1,1,0,0,0,1,0,0,0,1,0,0,0,0,-1
0.3333333333333333,0.0,0.0,0.051822148727810165,0.5,1,1,1,1,1,0,0,0,0,1,0,0,0,0,1,0,0,0,1
1.0,0.25,0.16666666666666666,0.03758969818624431,0.125,0,0,0,0,0,0,1,1,0,0,0,0,0,1,0,0,0,0,-1
0.3333333333333333,0.0,0.0,0.05953203526170282,0.75,1,1,1,1,1,0,0,0,0,1,1,0,0,0,0,0,0,0,1
0.6666666666666666,0.125,0.3333333333333333,0.05416439273810667,0.5,0,0,0,0,0,1,0,0,0,1,0,0,0,0,1,0,0,0,1
1.0,0.125,0.0,0.03897240290032268,0.375,0,0,0,0,1,1,1,0,0,1,0,0,0,0,1,0,0,0,1
0.3333333333333333,0.0,0.0,0.05416439273810667,0.375,1,1,1,1,1,0,0,1,0,0,0,0,0,0,1,0,0,0,1
0.3333333333333333,0.125,0.0,0.17391981561855152,0.625,1,1,1,1,1,0,0,1,0,0,0,0,0,0,1,0,0,0,1
1.0,0.0,0.0,0.015712553569072387,0.375,0,0,0,0,1,1,1,0,0,1,0,0,0,0,1,0,0,0,1
1.0,0.0,0.0,0.015411575213749284,0.375,0,0,0,0,1,1,1,1,0,0,0,0,0,0,1,0,0,0,1
0.3333333333333333,0.0,0.0,0.051822148727810165,0.875,1,1,1,1,1,0,0,0,0,1,0,0,0,0,1,0,0,0,1
0.3333333333333333,0.125,0.0,0.10122885832000206,0.375,1,1,1,1,1,0,0,0,0,1,0,0,0,0,1,0,0,0,-1
0.6666666666666666,0.0,0.0,0.020494635090094415,0.625,0,0,0,1,1,1,0,0,0,1,0,0,0,1,0,0,0,0,-1
1.0,0.0,0.0,0.015126992566498259,0.375,0,0,0,0,1,1,1,0,1,0,0,0,0,0,1,0,0,0,1
0.3333333333333333,0.0,0.0,0.051822148727810165,0.625,1,1,1,1,1,0,0,0,0,1,0,0,0,0,1,0,0,0,1
1.0,0.0,0.0,0.015712553569072387,0.5,0,0,0,0,1,1,1,0,0,1,0,0,0,0,1,0,0,0,1
0.3333333333333333,0.0,0.0,0.07514699533034619,0.625,1,1,1,1,1,0,0,0,0,1,0,0,0,0,1,0,0,0,1
0.6666666666666666,0.0,0.0,0.025374310111545468,0.625,0,0,0,1,1,1,0,0,0,1,0,0,0,0,1,0,0,0,1
1.0,0.0,0.0,0.015712553569072387,0.375,0,0,0,0,1,1,1,0,0,1,0,0,0,0,1,0,0,0,1
1.0,0.0,0.0,0.013760683560491965,0.5,0,0,0,0,1,1,1,0,0,1,0,0,0,0,1,0,0,0,1
0.6666666666666666,0.0,0.0,0.0,0.375,0,0,0,1,1,1,0,0,0,1,0,0,0,0,1,0,0,0,1
0.3333333333333333,0.0,0.0,0.051822148727810165,0.75,1,1,1,1,1,0,0,0,0,1,0,0,0,0,1,0,0,0,1
1.0,0.0,0.0,0.015078195816283748,0.375,0,0,0,0,1,1,1,0,1,0,0,0,0,0,1,0,0,0,1
1.0,0.25,0.16666666666666666,0.03758969818624431,0.125,0,0,0,0,0,0,1,1,0,0,0,0,0,1,0,0,0,0,-1
1.0,0.0,0.0,0.014151057562208049,0.375,0,0,0,0,1,1,1,0,0,1,0,0,0,0,1,0,0,0,1
1.0,0.0,0.0,0.016908073949327893,0.5,0,0,0,0,1,1,1,0,0,1,0,0,0,0,1,0,0,0,1
0.6666666666666666,0.125,0.3333333333333333,0.05416439273810667,0.5,0,0,0,0,0,1,0,0,0,1,0,0,0,0,1,0,0,0,-1
0.6666666666666666,0.0,0.0,0.026919605597338588,0.375,0,0,0,1,1,1,0,1,0,0,0,0,0,0,1,0,0,0,-1
1.0,0.0,0.0,0.019201521209409888,0.375,0,0,0,0,1,1,1,0,0,1,0,0,0,1,0,0,0,0,-1
0.3333333333333333,0.0,0.0,0.10149724044618187,0.375,1,1,1,1,1,0,0,0,0,1,0,0,0,0,1,0,0,0,1
0.6666666666666666,0.125,0.0,0.04098927018018883,0.5,0,0,0,1,1,1,0,0,0,1,0,0,0,0,1,0,0,0,1
1.0,0.125,0.0,0.013752485706455927,0.375,0,0,0,0,1,1,1,0,0,1,0,0,0,0,1,0,0,0,1
1.0,0.0,0.0,0.014679623960531627,0.375,0,0,0,0,1,1,1,0,0,1,0,0,0,0,1,0,0,0,1
1.0,0.0,0.16666666666666666,0.023983602730431916,0.125,0,0,0,0,1,1,1,0,0,1,0,0,0,1,0,0,0,0,-1
1.0,0.625,0.3333333333333333,0.09154270340242172,0.125,0,0,0,0,0,0,1,0,0,1,0,0,1,0,0,0,0,0,1
0.6666666666666666,0.0,0.0,0.0,0.375,0,0,0,1,1,1,0,0,0,1,0,0,0,0,1,0,0,0,1
1.0,0.0,0.0,0.015712553569072387,0.625,0,0,0,0,1,1,1,0,0,1,0,0,0,0,1,0,0,0,1
1.0,0.0,0.0,0.018713553707264782,0.875,0,0,0,0,1,1,1,0,0,1,0,0,0,0,1,0,0,0,-1
0.3333333333333333,0.125,0.0,0.17777475888549785,0.375,1,1,1,1,1,0,0,1,0,0,0,0,0,0,1,0,0,0,1
1.0,0.375,0.16666666666666666,0.04970768794751499,0.375,0,0,0,0,0,0,1,0,0,1,0,0,0,1,0,0,0,0,-1
0.3333333333333333,0.125,0.0,0.17566830077223786,0.5,1,1,1,1,1,0,0,0,0,1,0,0,0,0,1,0,0,0,-1
0.3333333333333333,0.0,0.0,0.057970539254838485,0.75,1,1,1,1,1,0,0,1,0,0,0,0,0,0,1,0,0,0,1
1.0,0.0,0.0,0.015712553569072387,0.375,0,0,0,0,1,1,1,0,0,1,0,0,0,0,1,0,0,0,1
1.0,0.125,0.16666666666666666,0.031034733136428686,0.125,0,0,0,0,0,0,1,0,0,1,0,0,1,0,0,0,0,0,1
1.0,0.125,0.0,0.03897240290032268,0.375,0,0,0,0,1,1,1,0,0,1,0,0,0,0,1,0,0,0,1
1.0,0.0,0.0,0.014151057562208049,0.375,0,0,0,0,1,1,1,0,0,1,0,0,0,0,1,0,0,0,1
0.3333333333333333,0.0,0.0,0.05953203526170282,0.75,1,1,1,1,1,0,0,0,0,1,0,0,0,0,1,0,0,0,1
0.3333333333333333,0.0,0.0,0.09662576327876685,1.0,1,1,1,1,1,0,0,1,0,0,0,0,0,0,1,0,0,0,1
1.0,0.0,0.0,0.015712553569072387,0.375,0,0,0,0,1,1,1,0,0,1,0,0,0,0,1,0,0,0,1
1.0,0.0,0.0,0.028220722145058292,0.375,0,0,0,0,1,1,1,1,0,0,0,0,0,0,1,0,0,0,1
0.3333333333333333,0.125,0.0,0.1527664244005612,0.75,1,1,1,1,1,0,0,1,0,0,0,0,0,1,0,0,0,0,-1
1.0,0.0,0.0,0.029473237129564348,0.375,0,0,0,0,1,1,1,0,0,1,0,0,0,0,1,0,0,0,1
0.3333333333333333,0.125,0.3333333333333333,0.29580589980036276,0.375,0,1,1,0,0,0,0,0,0,1,0,0,0,0,1,0,0,0,-1
1.0,0.0,0.0,0.015216388212891242,0.375,0,0,0,0,1,1,1,0,0,1,0,0,0,0,1,0,0,0,1
1.0,0.0,0.0,0.016908073949327893,0.25,0,0,0,0,1,1,1,0,0,1,0,0,0,0,1,0,0,0,1
1.0,0.0,0.0,0.015126992566498259,0.375,0,0,0,0,1,1,1,0,1,0,0,0,0,1,0,0,0,0,-1
1.0,0.0,0.0,0.014891206669461744,0.375,0,0,0,0,1,1,1,0,1,0,0,0,0,1,0,0,0,0,-1
1.0,0.0,0.0,0.018713553707264782,0.5,0,0,0,0,1,1,1,0,0,1,0,0,0,1,0,0,0,0,-1
0.3333333333333333,0.0,0.0,0.16883675574220638,0.25,1,1,1,1,1,0,0,0,0,1,0,0,0,1,0,0,0,0,-1
0.3333333333333333,0.125,0.0,0.2125586439344078,0.25,1,1,1,1,1,0,0,1,0,0,0,0,0,0,1,0,0,0,1
0.6666666666666666,0.0,0.3333333333333333,0.050748620223090936,0.5,0,0,0,0,0,1,0,0,0,1,0,0,0,0,1,0,0,0,-1
0.3333333333333333,0.0,0.0,0.051822148727810165,0.375,1,1,1,1,1,0,0,0,0,1,0,0,0,0,1,0,0,0,1
1.0,0.0,0.0,0.04396587194327397,0.375,0,0,0,0,1,1,1,0,0,1,0,0,0,0,1,0,0,0,1
1.0,0.0,0.0,0.11027245763075773,0.375,0,0,0,0,1,1,1,0,0,1,0,0,0,0,1,0,0,0,1
1.0,0.0,0.0,0.015126992566498259,0.375,0,0,0,0,1,1,1,0,1,0,0,0,0,0,1,0,0,0,1
1.0,0.0,0.0,0.015712553569072387,0.375,0,0,0,0,1,1,1,0,0,1,0,0,0,0,1,0,0,0,1
0.3333333333333333,0.0,0.0,0.05130978285055781,0.5,1,1,1,1,1,0,0,0,0,1,0,0,0,0,1,0,0,0,1
0.3333333333333333,0.125,0.0,0.11594107850967697,0.75,1,1,1,1,1,0,0,1,0,0,0,0,0,0,1,0,0,0,-1
1.0,0.0,0.0,0.014630827210317115,0.375,0,0,0,0,1,1,1,0,0,1,0,0,0,0,1,0,0,0,1
0.3333333333333333,0.0,0.0,0.06640417918791278,0.625,1,1,1,1,1,0,0,0,0,1,0,0,0,0,1,0,0,0,1
0.6666666666666666,0.0,0.0,0.020494635090094415,0.5,0,0,0,1,1,1,0,0,0,1,0,0,0,0,1,0,0,0,-1
1.0,0.0,0.0,0.04713766070721715,0.375,0,0,0,0,1,1,1,0,1,0,0,0,0,0,1,0,0,0,1
0.6666666666666666,0.125,0.0,0.050748620223090936,0.5,0,0,0,1,1,1,0,0,0,1,0,0,0,0,1,0,0,0,-1
1.0,0.0,0.0,0.015411575213749284,0.5,0,0,0,0,1,1,1,0,0,1,0,0,0,0,1,0,0,0,1
0.3333333333333333,0.0,0.0,0.18249984580226933,0.375,1,1,1,1,1,0,0,0,0,1,0,0,0,1,0,0,0,0,-1
1.0,0.0,0.0,0.015411575213749284,0.375,0,0,0,0,1,1,1,0,0,1,0,0,0,0,1,0,0,0,1
1.0,0.0,0.0,0.014102260811993537,0.375,0,0,0,0,1,1,1,1,0,0,0,0,0,0,1,0,0,0,1
0.3333333333333333,0.0,0.16666666666666666,0.11316786160148591,0.625,1,1,1,1,1,0,0,1,0,0,0,0,0,0,1,0,0,0,-1
1.0,0.0,0.0,0.014110458666029575,0.375,0,0,0,0,1,1,1,1,0,0,0,0,0,0,1,0,0,0,1
1.0,0.0,0.0,0.015126992566498259,0.625,0,0,0,0,1,1,1,0,1,0,0,0,0,0,1,0,0,0,1
0.6666666666666666,0.0,0.0,0.020494635090094415,0.625,0,0,0,1,1,1,0,0,0,1,0,0,0,1,0,0,0,0,-1
0.3333333333333333,0.0,0.0,0.4328841690069588,0.375,1,1,1,1,1,0,0,0,0,1,0,0,0,0,1,0,0,0,1
1.0,0.0,0.0,0.015468569817999833,0.5,0,0,0,0,1,1,1,0,0,1,0,0,0,0,1,0,0,0,1
0.6666666666666666,0.25,0.16666666666666666,0.022446505098674834,0.375,0,0,0,0,0,1,0,0,0,1,0,0,0,0,1,0,0,0,1
0.6666666666666666,0.125,0.16666666666666666,0.050748620223090936,0.125,0,0,0,0,0,1,0,0,0,1,0,0,0,1,0,0,0,0,-1
1.0,0.0,0.0,0.014110458666029575,0.375,0,0,0,0,1,1,1,1,0,0,0,0,0,0,1,0,0,0,1
1.0,0.125,0.16666666666666666,0.014110458666029575,0.25,0,0,0,0,0,0,1,1,0,0,0,0,0,0,1,0,0,0,1
1.0,0.0,0.3333333333333333,0.04364049521284361,0.375,0,0,0,0,0,0,1,1,0,0,0,0,0,0,1,0,0,0,-1
1.0,0.0,0.0,0.016908073949327893,0.375,0,0,0,0,1,1,1,0,0,1,0,0,0,1,0,0,0,0,-1
0.6666666666666666,0.0,0.3333333333333333,0.05123658772523604,0.125,0,0,0,0,0,1,0,0,0,1,0,0,0,1,0,0,0,0,-1
0.3333333333333333,0.0,0.0,0.051822148727810165,0.625,1,1,1,1,1,0,0,0,0,1,1,0,0,0,0,0,0,0,1
0.3333333333333333,0.0,0.0,0.20772776566317125,0.375,1,1,1,1,1,0,0,1,0,0,0,0,0,1,0,0,0,0,-1
1.0,0.0,0.0,0.028302115124416098,0.375,0,0,0,0,1,1,1,0,0,1,0,0,0,0,1,0,0,0,1
0.3333333333333333,0.0,0.3333333333333333,0.09661756542473081,0.375,1,1,1,1,1,0,0,1,0,0,0,0,0,1,0,0,0,0,-1
0.3333333333333333,0.0,0.3333333333333333,0.13858277060920984,0.5,1,1,1,1,1,0,0,0,0,1,0,0,0,1,0,0,0,0,-1
1.0,0.5,0.3333333333333333,0.06104473451835265,0.125,0,0,0,0,0,0,1,0,0,1,0,0,0,1,0,0,0,0,-1
1.0,0.5,0.3333333333333333,0.06104473451835265,0.25,0,0,0,0,0,0,1,0,0,1,0,0,0,1,0,0,0,0,-1
0.6666666666666666,0.125,0.0,0.050748620223090936,0.5,0,0,0,1,1,1,0,0,0,1,0,0,0,0,1,0,0,0,1
0.3333333333333333,0.125,0.0,0.20772776566317125,0.625,1,1,1,1,1,0,0,1,0,0,0,0,0,0,1,0,0,0,1
0.3333333333333333,0.0,0.0,0.050748620223090936,0.875,1,1,1,1,1,0,0,0,0,1,0,0,0,0,1,0,0,0,1
0.6666666666666666,0.125,0.0,0.050748620223090936,0.25,0,0,0,1,1,1,0,0,0,1,0,0,0,0,1,0,0,0,-1
0.6666666666666666,0.0,0.0,0.02705779799394608,0.375,0,0,0,1,1,1,0,1,0,0,0,0,0,0,1,0,0,0,1
1.0,0.125,0.16666666666666666,0.04006213192611313,0.5,0,0,0,0,0,0,1,0,0,1,0,0,0,0,1,0,0,0,1
0.6666666666666666,0.125,0.16666666666666666,0.07173122281533045,0.125,0,0,0,0,0,1,0,0,0,1,0,0,1,0,0,0,0,0,1
0.3333333333333333,0.0,0.3333333333333333,0.21642978772242535,0.25,1,1,1,1,1,0,0,1,0,0,0,0,0,0,1,0,0,0,1
0.6666666666666666,0.0,0.0,0.050748620223090936,0.375,0,0,0,1,1,1,0,0,0,1,0,0,0,0,1,0,0,0,1
1.0,0.0,0.0,0.015281580671177828,0.375,0,0,0,0,1,1,1,0,1,0,0,0,0,0,1,0,0,0,1
1.0,0.0,0.0,0.014102260811993537,0.375,0,0,0,0,1,1,1,1,0,0,0,0,0,0,1,0,0,0,1
1.0,0.0,0.0,0.015175789316712771,0.375,0,0,0,0,1,1,1,0,0,1,0,0,0,1,0,0,0,0,-1
0.3333333333333333,0.0,0.0,0.051822148727810165,0.875,1,1,1,1,1,0,0,0,0,1,0,0,0,0,1,0,0,0,1
0.3333333333333333,0.125,0.0,0.07729405233978466,0.625,1,1,1,1,1,0,0,1,0,0,0,0,0,0,1,0,0,0,-1
0.3333333333333333,0.0,0.0,0.4440992237022602,0.375,1,1,1,1,1,0,0,1,0,0,0,0,0,0,1,0,0,0,1
0.3333333333333333,0.125,0.16666666666666666,0.1554664461834305,0.5,1,1,1,1,1,0,0,0,0,1,0,0,0,0,1,0,0,0,-1
1.0,0.125,0.0,0.033962538149299316,0.5,0,0,0,0,1,1,1,0,0,1,0,0,0,0,1,0,0,0,-1
1.0,0.0,0.0,0.015126992566498259,0.375,0,0,0,0,1,1,1,0,1,0,0,0,0,0,1,0,0,0,1
1.0,0.0,0.0,0.015411575213749284,0.5,0,0,0,0,1,1,1,0,0,1,0,0,0,0,1,0,0,0,1
0.6666666666666666,0.0,0.0,0.026350245115835676,0.375,0,0,0,1,1,1,0,0,0,1,0,0,0,0,1,0,0,0,1
1.0,0.0,0.0,0.015712553569072387,0.375,0,0,0,0,1,1,1,0,0,1,0,0,0,0,1,0,0,0,1
1.0,0.0,0.0,0.015712553569072387,0.375,0,0,0,0,1,1,1,0,0,1,0,0,0,1,0,0,0,0,-1
1.0,0.25,0.0,0.04713766070721715,0.375,0,0,0,0,0,0,1,0,0,1,0,0,0,0,1,0,0,0,1
1.0,0.0,0.0,0.015411575213749284,0.25,0,0,0,0,1,1,1,0,0,1,0,0,0,0,1,0,0,0,1
1.0,0.0,0.6666666666666666,0.04113566043083236,0.375,0,0,0,0,0,0,1,0,0,1,0,0,0,0,1,0,0,0,-1
1.0,0.0,0.0,0.014110458666029575,0.375,0,0,0,0,1,1,1,1,0,0,0,0,0,0,1,0,0,0,1
1.0,0.0,0.0,0.015330377421392339,0.5,0,0,0,0,1,1,1,0,0,1,0,0,0,0,1,0,0,0,1
0.6666666666666666,0.0,0.0,0.020494635090094415,0.875,0,0,0,1,1,1,0,0,0,1,0,0,0,0,1,0,0,0,1
0.3333333333333333,0.25,0.0,0.10048070654571319,0.75,1,1,1,1,1,0,0,0,0,1,0,0,0,0,1,0,0,0,-1
0.3333333333333333,0.0,0.0,0.051504969851415845,0.5,1,1,1,1,1,0,0,0,0,1,0,0,0,0,1,0,0,0,1
1.0,0.0,0.0,0.015126992566498259,0.375,0,0,0,0,1,1,1,0,1,0,0,0,0,1,0,0,0,0,-1
1.0,0.0,0.0,0.015712553569072387,0.25,0,0,0,0,1,1,1,0,0,1,0,0,0,0,1,0,0,0,1
1.0,0.0,0.0,0.028302115124416098,0.25,0,0,0,0,1,1,1,0,0,1,0,0,0,0,1,0,0,0,1
0.6666666666666666,0.0,0.0,0.025374310111545468,0.5,0,0,0,1,1,1,0,0,0,1,0,0,0,1,0,0,0,0,-1
0.3333333333333333,0.125,0.0,0.1091095334796455,0.5,1,1,1,1,1,0,0,0,0,1,0,0,0,0,1,0,0,0,-1
1.0,0.125,0.0,0.028220722145058292,0.375,0,0,0,0,1,1,1,1,0,0,0,0,0,0,1,0,0,0,-1
1.0,0.0,0.0,0.015468569817999833,0.5,0,0,0,0,1,1,1,0,0,1,0,0,0,0,1,0,0,0,1
0.6666666666666666,0.125,0.16666666666666666,0.05855610025741261,0.375,0,0,0,0,0,1,0,0,0,1,0,0,0,1,0,0,0,0,-1
0.3333333333333333,0.125,0.16666666666666666,0.21642978772242535,0.5,1,1,1,1,1,0,0,1,0,0,0,0,0,0,1,0,0,0,-1
0.6666666666666666,0.0,0.0,0.050748620223090936,0.75,0,0,0,1,1,1,0,0,0,1,0,0,0,0,1,0,0,0,1
0.3333333333333333,0.0,0.0,0.07831878409428937,0.5,1,1,1,1,1,0,0,1,0,0,0,0,0,0,1,0,0,0,1
1.0,0.0,0.0,0.017005667449756914,0.375,0,0,0,0,1,1,1,1,0,0,0,0,0,0,1,0,0,0,1
0.3333333333333333,0.0,0.3333333333333333,0.1554664461834305,0.25,1,1,1,1,1,0,0,0,0,1,0,0,0,1,0,0,0,0,-1
0.6666666666666666,0.0,0.0,0.029278050128706306,0.625,0,0,0,1,1,1,0,0,0,1,0,0,0,0,1,0,0,0,1
0.3333333333333333,0.125,0.16666666666666666,0.15458810467956932,0.75,1,1,1,1,1,0,0,1,0,0,0,0,0,0,1,0,0,0,1
1.0,0.0,0.0,0.015712553569072387,0.375,0,0,0,0,1,1,1,0,0,1,0,0,0,0,1,0,0,0,1
1.0,0.0,0.0,0.015712553569072387,0.375,0,0,0,0,1,1,1,0,0,1,0,0,0,0,1,0,0,0,1
1.0,0.0,0.0,0.013907073811135496,0.5,0,0,0,0,1,1,1,0,0,1,0,0,0,0,1,0,0,0,1
0.3333333333333333,0.125,0.0,0.1527664244005612,0.75,1,1,1,1,1,0,0,1,0,0,0,0,0,0,1,0,0,0,-1
1.0,0.0,0.0,0.014151057562208049,0.625,0,0,0,0,1,1,1,0,0,1,0,0,0,0,1,0,0,0,1
1.0,0.0,0.3333333333333333,0.015126992566498259,0.375,0,0,0,0,0,0,1,0,1,0,0,0,0,1,0,0,0,0,-1
0.6666666666666666,0.125,0.0,0.050748620223090936,0.5,0,0,0,1,1,1,0,0,0,1,0,0,0,0,1,0,0,0,1
1.0,0.125,0.16666666666666666,0.04713766070721715,0.5,0,0,0,0,0,0,1,0,0,1,0,0,0,0,1,0,0,0,1
0.6666666666666666,0.0,0.0,0.06441171028315387,0.375,0,0,0,1,1,1,0,0,0,1,0,0,0,1,0,0,0,0,-1
1.0,0.0,0.0,0.0,0.625,0,0,0,0,1,1,1,0,0,1,0,0,0,0,1,0,0,0,1
1.0,0.0,0.0,0.014102260811993537,0.375,0,0,0,0,1,1,1,1,0,0,0,0,0,0,1,0,0,0,1
0.3333333333333333,0.125,0.0,0.11111839809247648,0.625,1,1,1,1,1,0,0,1,0,0,0,0,0,0,1,0,0,0,1
0.6666666666666666,0.25,0.16666666666666666,0.05270049023167135,0.375,0,0,0,0,0,1,0,0,0,1,0,0,0,0,1,0,0,0,-1
1.0,0.0,0.0,0.015411575213749284,0.375,0,0,0,0,1,1,1,0,0,1,0,0,0,0,1,0,0,0,1
0.3333333333333333,0.0,0.0,0.08275928836380983,0.375,1,1,1,1,1,0,0,0,0,1,0,0,0,0,1,0,0,0,1
1.0,0.0,0.0,0.015712553569072387,0.625,0,0,0,0,1,1,1,0,0,1,0,0,0,0,1,0,0,0,1
0.3333333333333333,0.0,0.0,0.051822148727810165,0.5,1,1,1,1,1,0,0,1,0,0,0,0,0,0,1,0,0,0,1
1.0,0.125,0.0,0.030351578633425542,0.5,0,0,0,0,1,1,1,0,0,1,0,0,0,0,1,0,0,0,1
1.0,0.0,0.0,0.015411575213749284,0.375,0,0,0,0,1,1,1,0,0,1,0,0,0,0,1,0,0,0,1
0.3333333333333333,0.0,0.0,0.05953203526170282,0.375,1,1,1,1,1,0,0,0,0,1,0,0,0,0,1,0,0,0,1
0.6666666666666666,0.125,0.3333333333333333,0.08115719346076702,0.375,0,0,0,0,0,1,0,1,0,0,0,0,0,0,1,0,0,0,-1
0.3333333333333333,0.0,0.0,0.2995388511917728,0.5,1,1,1,1,1,0,0,0,0,1,0,0,0,1,0,0,0,0,-1
1.0,0.125,0.8333333333333334,0.06104473451835265,0.5,0,0,0,0,0,0,1,0,0,1,0,0,0,0,1,0,0,0,-1
1.0,0.0,0.0,0.013760683560491965,0.375,0,0,0,0,1,1,1,0,0,1,0,0,0,0,1,0,0,0,1
1.0,0.125,0.0,0.030253985132996517,0.375,0,0,0,0,1,1,1,0,1,0,0,0,0,1,0,0,0,0,-1
1.0,0.0,0.0,0.015126992566498259,0.375,0,0,0,0,1,1,1,0,1,0,0,0,0,0,1,0,0,0,1
1.0,0.0,0.0,0.015712553569072387,0.5,0,0,0,0,1,1,1,0,0,1,0,0,0,0,1,0,0,0,1
0.6666666666666666,0.125,0.3333333333333333,0.12687155055772734,0.375,0,0,0,0,0,1,0,0,0,1,0,0,0,1,0,0,0,0,-1
1.0,0.125,0.16666666666666666,0.028106928123558056,0.5,0,0,0,0,0,0,1,0,0,1,0,0,0,0,1,0,0,0,1
1.0,0.125,0.0,0.031425107138144774,0.375,0,0,0,0,1,1,1,0,0,1,0,0,0,0,1,0,0,0,-1
0.6666666666666666,0.25,0.16666666666666666,0.0761229303346364,0.125,0,0,0,0,0,1,0,0,0,1,0,0,0,1,0,0,0,0,-1
0.6666666666666666,0.0,0.0,0.020494635090094415,0.375,0,0,0,1,1,1,0,0,0,1,0,0,0,0,1,0,0,0,1
1.0,0.125,0.0,0.028212719478023115,0.375,0,0,0,0,1,1,1,1,0,0,0,0,0,0,1,0,0,0,1
0.3333333333333333,0.125,0.0,0.10257896680493714,0.625,1,1,1,1,1,0,0,0,0,1,0,0,0,0,1,0,0,0,1
1.0,0.125,0.16666666666666666,0.030725752114070404,0.25,0,0,0,0,0,0,1,1,0,0,0,0,0,0,1,0,0,0,1
1.0,0.0,0.0,0.015330377421392339,0.375,0,0,0,0,1,1,1,0,0,1,0,0,0,0,1,0,0,0,1
1.0,0.0,0.0,0.031425107138144774,0.375,0,0,0,0,1,1,1,0,0,1,0,0,0,0,1,0,0,0,1
0.3333333333333333,0.0,0.0,0.06308600017332605,0.875,1,1,1,1,1,0,0,0,0,1,0,0,0,0,1,0,0,0,1
0.6666666666666666,0.0,0.0,0.024105594605968193,0.75,0,0,0,1,1,1,0,0,1,0,0,0,0,0,0,0,0,1,1
0.3333333333333333,0.0,0.0,0.15216446768991498,0.375,1,1,1,1,1,0,0,0,0,1,0,0,0,1,0,0,0,0,-1
1.0,0.0,0.0,0.015411575213749284,0.375,0,0,0,0,1,1,1,0,0,1,0,0,0,0,1,0,0,0,1
1.0,0.0,0.0,0.015094396337354966,0.375,0,0,0,0,1,1,1,0,1,0,0,0,0,0,1,0,0,0,1
0.3333333333333333,0.0,0.0,0.05855610025741261,1.0,1,1,1,1,1,0,0,0,0,1,0,0,0,0,1,0,0,0,1
1.0,0.0,0.0,0.013768881414528002,0.75,0,0,0,0,1,1,1,0,0,1,0,0,0,0,1,0,0,0,1
0.3333333333333333,0.0,0.0,0.05953203526170282,0.5,1,1,1,1,1,0,0,1,0,0,0,1,0,0,0,0,0,0,1
0.3333333333333333,0.0,0.0,0.0,0.375,1,1,1,1,1,0,0,0,0,1,0,0,0,0,1,0,0,0,1
1.0,0.375,0.3333333333333333,0.05445717323939373,0.125,0,0,0,0,0,0,1,0,0,1,0,0,0,1,0,0,0,0,-1
0.6666666666666666,0.0,0.0,0.025374310111545468,0.375,0,0,0,1,1,1,0,0,0,1,0,0,0,1,0,0,0,0,-1
1.0,0.0,0.0,0.015468569817999833,0.5,0,0,0,0,1,1,1,0,0,1,0,0,0,0,1,0,0,0,1
0.6666666666666666,0.125,0.16666666666666666,0.05123658772523604,0.5,0,0,0,0,0,1,0,0,0,1,0,0,0,0,1,0,0,0,1
1.0,0.0,0.8333333333333334,0.07746484096553544,0.625,0,0,0,0,0,0,1,0,0,1,0,0,0,0,1,0,0,0,-1
1.0,0.125,0.0,0.031425107138144774,0.375,0,0,0,0,1,1,1,0,0,1,0,0,0,0,1,0,0,0,1
1.0,0.0,0.0,0.015330377421392339,0.25,0,0,0,0,1,1,1,0,0,1,0,0,0,0,1,0,0,0,1
0.3333333333333333,0.0,0.0,0.13526459159462315,0.375,1,1,1,1,1,0,0,1,0,0,0,0,0,1,0,0,0,0,-1
1.0,0.375,0.3333333333333333,0.05445717323939373,0.125,0,0,0,0,0,0,1,0,0,1,0,0,0,1,0,0,0,0,-1
1.0,0.0,0.0,0.11027245763075773,0.375,0,0,0,0,1,1,1,0,0,1,0,0,0,0,1,0,0,0,1
1.0,0.25,0.16666666666666666,0.03758969818624431,0.125,0,0,0,0,0,0,1,1,0,0,0,0,0,1,0,0,0,0,-1
0.3333333333333333,0.125,0.0,0.1497654242623688,0.625,1,1,1,1,1,0,0,1,0,0,0,0,0,0,1,0,0,0,1
1.0,0.0,0.0,0.015411575213749284,0.25,0,0,0,0,1,1,1,0,0,1,0,0,0,0,1,0,0,0,1
0.3333333333333333,0.0,0.0,0.06929138530460492,0.75,1,1,1,1,1,0,0,1,0,0,1,0,0,0,0,0,0,0,1
1.0,0.0,0.0,0.014736618564782174,0.375,0,0,0,0,1,1,1,0,0,1,0,0,0,0,1,0,0,0,1
1.0,0.0,0.0,0.014736618564782174,0.375,0,0,0,0,1,1,1,0,0,1,0,0,0,1,0,0,0,0,-1
1.0,0.0,0.0,0.015411575213749284,0.375,0,0,0,0,1,1,1,0,0,1,0,0,0,0,1,0,0,0,1
0.6666666666666666,0.0,0.16666666666666666,0.04489301019734967,0.25,0,0,0,1,1,1,0,0,0,1,0,0,0,1,0,0,0,0,-1
1.0,0.0,0.0,0.01646070534336126,0.375,0,0,0,0,1,1,1,0,0,1,0,0,0,0,1,0,0,0,1
1.0,0.0,0.0,0.015281580671177828,0.375,0,0,0,0,1,1,1,0,1,0,0,0,0,1,0,0,0,0,-1
1.0,0.0,0.0,0.013175122557917838,0.25,0,0,0,0,1,1,1,0,1,0,0,0,0,1,0,0,0,0,-1
0.6666666666666666,0.25,0.0,0.1434624456306609,0.375,0,0,0,0,0,1,0,0,0,1,0,0,0,0,1,0,0,0,1
1.0,0.0,0.0,0.015411575213749284,0.375,0,0,0,0,1,1,1,0,0,1,0,0,0,0,1,0,0,0,1
1.0,0.125,0.16666666666666666,0.030253985132996517,0.5,0,0,0,0,0,0,1,0,1,0,0,0,0,0,1,0,0,0,-1
0.6666666666666666,0.0,0.0,0.025374310111545468,0.375,0,0,0,1,1,1,0,0,0,1,0,0,0,0,1,0,0,0,1
0.3333333333333333,0.0,0.3333333333333333,0.22109807522194713,0.75,1,1,1,1,1,0,0,1,0,0,0,0,0,0,1,0,0,0,1
0.3333333333333333,0.25,0.0,0.2608674266467732,0.625,1,1,1,1,1,0,0,0,0,1,0,1,0,0,0,0,0,0,1
1.0,0.0,0.0,0.014102260811993537,0.5,0,0,0,0,1,1,1,1,0,0,0,0,0,0,1,0,0,0,1
0.3333333333333333,0.0,0.0,0.04994347384455151,0.625,1,1,1,1,1,0,0,0,0,1,0,0,0,0,1,0,0,0,1
1.0,0.0,0.0,0.014630827210317115,0.5,0,0,0,0,1,1,1,0,0,1,0,0,0,0,1,0,0,0,1
1.0,0.125,0.0,0.015468569817999833,0.25,0,0,0,0,1,1,1,0,0,1,0,0,0,0,1,0,0,0,1
0.6666666666666666,0.25,0.0,0.1434624456306609,0.5,0,0,0,0,0,1,0,0,0,1,0,0,0,0,1,0,0,0,1
0.6666666666666666,0.0,0.0,0.025374310111545468,0.375,0,0,0,1,1,1,0,0,0,1,0,0,0,0,1,0,0,0,1
1.0,0.0,0.0,0.015175789316712771,0.375,0,0,0,0,1,1,1,0,0,1,0,0,0,0,1,0,0,0,1
1.0,0.0,0.0,0.015712553569072387,0.625,0,0,0,0,1,1,1,0,0,1,0,0,0,0,1,0,0,0,1
0.3333333333333333,0.125,0.0,0.10149724044618187,0.375,1,1,1,1,1,0,0,0,0,1,0,0,0,0,1,0,0,0,-1
0.6666666666666666,0.125,0.16666666666666666,0.0761229303346364,0.5,0,0,0,0,0,1,0,0,0,1,0,0,0,0,1,0,0,0,-1
0.3333333333333333,0.125,0.0,0.10149724044618187,0.5,1,1,1,1,1,0,0,0,0,1,0,0,0,0,1,0,0,0,1
0.6666666666666666,0.0,0.0,0.020494635090094415,0.875,0,0,0,1,1,1,0,0,0,1,0,0,0,0,1,0,0,0,1
0.6666666666666666,0.0,0.0,0.025374310111545468,0.5,0,0,0,1,1,1,0,0,0,1,0,0,0,0,1,0,0,0,1
0.6666666666666666,0.0,0.0,0.0,0.375,0,0,0,1,1,1,0,0,0,1,0,0,0,0,1,0,0,0,1
1.0,0.0,0.0,0.015175789316712771,0.25,0,0,0,0,1,1,1,0,0,1,0,0,0,0,1,0,0,0,1
1.0,0.0,0.0,0.015712553569072387,0.375,0,0,0,0,1,1,1,0,0,1,0,0,0,0,1,0,0,0,1
1.0,0.0,0.0,0.019209719063445922,0.25,0,0,0,0,1,1,1,0,0,1,0,0,0,1,0,0,0,0,-1
1.0,0.125,1.0,0.09154270340242172,0.625,0,0,0,0,0,0,1,0,0,1,0,0,0,0,1,0,0,0,-1
0.3333333333333333,0.0,0.16666666666666666,1.0,0.5,1,1,1,1,1,0,0,1,0,0,0,0,0,0,1,0,0,0,1
1.0,0.0,0.0,0.01588334219482317,0.375,0,0,0,0,1,1,1,0,1,0,0,0,0,1,0,0,0,0,-1
0.3333333333333333,0.0,0.0,0.1497654242623688,0.375,1,1,1,1,1,0,0,1,0,0,0,0,0,0,1,0,0,0,1
1.0,0.0,0.0,0.01800600082915438,0.25,0,0,0,0,1,1,1,0,0,1,0,0,0,0,1,0,0,0,1
1.0,0.625,0.3333333333333333,0.09154270340242172,0.25,0,0,0,0,0,0,1,0,0,1,0,0,0,0,1,0,0,0,1
0.6666666666666666,0.125,0.16666666666666666,0.0761229303346364,0.75,0,0,0,0,0,1,0,0,0,1,0,0,0,0,1,0,0,0,1
0.6666666666666666,0.125,0.3333333333333333,0.08115719346076702,0.375,0,0,0,0,0,1,0,1,0,0,0,0,0,0,1,0,0,0,1
1.0,0.5,0.16666666666666666,0.07746484096553544,0.25,0,0,0,0,0,0,1,0,0,1,0,0,0,0,1,0,0,0,1
1.0,0.0,0.0,0.019852079483269742,0.25,0,0,0,0,1,1,1,0,0,1,0,0,0,0,1,0,0,0,1
1.0,0.0,0.0,0.015216388212891242,0.25,0,0,0,0,1,1,1,0,0,1,0,0,0,0,1,0,0,0,1
0.3333333333333333,0.0,0.16666666666666666,0.41250332793836464,0.25,1,1,1,1,1,0,0,0,0,1,0,0,0,1,0,0,0,0,-1
0.3333333333333333,0.125,0.0,0.11125659048908397,0.5,1,1,1,1,1,0,0,0,0,1,0,0,0,0,1,0,0,0,1
1.0,0.0,0.16666666666666666,0.026187654344120927,0.125,0,0,0,0,1,1,1,1,0,0,0,0,0,1,0,0,0,0,-1
1.0,0.0,0.0,0.11027245763075773,0.375,0,0,0,0,1,1,1,0,0,1,0,0,0,0,1,0,0,0,1
1.0,0.0,0.0,0.014102260811993537,0.375,0,0,0,0,1,1,1,1,0,0,0,0,0,0,1,0,0,0,1
0.3333333333333333,0.0,0.0,0.051822148727810165,0.75,1,1,1,1,1,0,0,0,0,1,1,0,0,0,0,0,0,0,1
0.6666666666666666,0.0,0.0,0.026350245115835676,0.75,0,0,0,1,1,1,0,0,0,1,0,0,0,0,1,0,0,0,1
1.0,0.0,0.0,0.015712553569072387,0.625,0,0,0,0,1,1,1,0,0,1,0,0,0,0,1,0,0,0,1
1.0,0.0,0.0,0.015094396337354966,0.375,0,0,0,0,1,1,1,0,1,0,0,0,0,1,0,0,0,0,-1
0.3333333333333333,0.125,0.16666666666666666,0.21642978772242535,0.625,1,1,1,1,1,0,0,1,0,0,0,0,0,0,1,0,0,0,1
1.0,0.0,0.0,0.014931805565640218,0.625,0,0,0,0,1,1,1,0,0,1,0,0,0,0,1,0,0,0,1
0.3333333333333333,0.125,0.0,0.4440992237022602,0.25,1,1,1,1,1,0,0,1,0,0,0,0,0,0,1,0,0,0,-1
0.3333333333333333,0.0,0.0,0.05130978285055781,0.5,1,1,1,1,1,0,0,0,0,1,0,0,0,0,1,0,0,0,1
1.0,0.0,0.16666666666666666,0.028212719478023115,0.25,0,0,0,0,1,1,1,1,0,0,0,0,0,1,0,0,0,0,-1
1.0,0.0,0.0,0.01511079204542704,0.375,0,0,0,0,1,1,1,0,1,0,0,0,0,0,1,0,0,0,1
1.0,0.125,0.0,0.015330377421392339,0.375,0,0,0,0,1,1,1,0,0,1,0,0,0,0,1,0,0,0,1
0.6666666666666666,0.0,0.0,0.050748620223090936,0.5,0,0,0,1,1,1,0,0,0,1,0,0,0,0,1,0,0,0,1
0.6666666666666666,0.0,0.0,0.026350245115835676,0.625,0,0,0,1,1,1,0,0,0,1,0,0,0,0,1,0,0,0,-1
0.3333333333333333,0.0,0.0,0.05130978285055781,0.625,1,1,1,1,1,0,0,0,0,1,0,0,0,0,1,0,0,0,1
0.3333333333333333,0.0,0.0,0.29580589980036276,0.375,1,1,1,1,1,0,0,0,0,1,0,0,0,1,0,0,0,0,-1
1.0,0.125,0.16666666666666666,0.029757819776815374,0.375,0,0,0,0,0,0,1,1,0,0,0,0,1,0,0,0,0,0,1
0.3333333333333333,0.0,0.0,0.09662576327876685,0.375,1,1,1,1,1,0,0,1,0,0,0,0,0,0,1,0,0,0,-1
0.3333333333333333,0.0,0.0,0.051822148727810165,0.375,1,1,1,1,1,0,0,0,0,1,0,0,0,0,1,0,0,0,1
0.3333333333333333,0.125,0.0,0.10149724044618187,0.625,1,1,1,1,1,0,0,0,0,1,0,0,0,0,1,0,0,0,1
1.0,0.0,0.0,0.018510168852370702,0.375,0,0,0,0,1,1,1,0,0,1,0,0,0,0,1,0,0,0,1
0.6666666666666666,0.0,0.0,0.025374310111545468,0.75,0,0,0,1,1,1,0,0,0,1,0,0,0,0,1,0,0,0,1
1.0,0.0,0.0,0.014931805565640218,0.25,0,0,0,0,1,1,1,0,0,1,0,0,0,0,1,0,0,0,1
0.3333333333333333,0.0,0.0,0.4440992237022602,0.5,1,1,1,1,1,0,0,1,0,0,0,0,0,1,0,0,0,0,-1
0.6666666666666666,0.0,0.0,0.020494635090094415,0.375,0,0,0,1,1,1,0,0,0,1,0,0,0,1,0,0,0,0,-1
1.0,0.0,0.0,0.030253985132996517,0.375,0,0,0,0,1,1,1,0,1,0,0,0,0,0,1,0,0,0,1
1.0,0.0,0.0,0.015175789316712771,0.5,0,0,0,0,1,1,1,0,0,1,0,0,0,0,1,0,0,0,1
0.6666666666666666,0.0,0.16666666666666666,0.06441171028315387,0.125,0,0,0,1,1,1,0,0,0,1,0,0,0,1,0,0,0,0,-1
1.0,0.125,0.0,0.013768881414528002,0.25,0,0,0,0,1,1,1,0,0,1,0,0,0,0,1,0,0,0,1
0.6666666666666666,0.0,0.0,0.025374310111545468,0.5,0,0,0,1,1,1,0,0,0,1,0,0,0,0,1,0,0,0,1
0.6666666666666666,0.0,0.0,0.025374310111545468,0.625,0,0,0,1,1,1,0,0,0,1,0,0,0,0,1,0,0,0,1
0.3333333333333333,0.125,0.0,0.10364429745562033,0.375,1,1,1,1,1,0,0,0,0,1,0,0,0,0,1,0,0,0,1
1.0,0.0,0.0,0.016908073949327893,0.25,0,0,0,0,1,1,1,0,0,1,0,0,0,0,1,0,0,0,1
0.6666666666666666,0.375,0.0,0.04098927018018883,0.375,0,0,0,0,0,1,0,0,0,1,0,0,0,0,1,0,0,0,-1
1.0,0.0,0.0,0.015102594191391002,0.375,0,0,0,0,1,1,1,0,1,0,0,0,0,1,0,0,0,0,-1
0.6666666666666666,0.125,0.0,0.050748620223090936,0.375,0,0,0,1,1,1,0,0,0,1,0,0,0,0,1,0,0,0,1
1.0,0.125,0.0,0.015468569817999833,0.375,0,0,0,0,1,1,1,0,0,1,0,0,0,1,0,0,0,0,-1
0.3333333333333333,0.0,0.0,0.41250332793836464,0.375,1,1,1,1,1,0,0,0,0,1,0,0,0,1,0,0,0,0,-1
1.0,0.0,0.0,0.036670757786204655,0.25,0,0,0,0,1,1,1,1,0,0,0,0,0,0,1,0,0,0,1
0.6666666666666666,0.0,0.0,0.0,0.375,0,0,0,1,1,1,0,0,0,1,0,0,0,0,1,0,0,0,1
0.6666666666666666,0.0,0.0,0.025374310111545468,0.375,0,0,0,1,1,1,0,0,0,1,0,0,0,0,1,0,0,0,1
0.6666666666666666,0.0,0.0,0.025374310111545468,0.375,0,0,0,1,1,1,0,0,0,1,0,0,0,0,1,0,0,0,1
1.0,0.0,0.0,0.031425107138144774,0.375,0,0,0,0,1,1,1,0,0,1,0,0,0,0,1,0,0,0,1
1.0,0.125,0.5,0.06709553154495196,0.625,0,0,0,0,0,0,1,0,0,1,0,0,0,0,1,0,0,0,-1
0.3333333333333333,0.0,0.0,1.0,0.5,1,1,1,1,1,0,0,1,0,0,0,0,0,0,1,0,0,0,1
1.0,0.0,0.0,0.015411575213749284,0.375,0,0,0,0,1,1,1,0,0,1,0,0,0,0,1,0,0,0,1
1.0,0.0,0.0,0.015411575213749284,0.375,0,0,0,0,1,1,1,0,0,1,0,0,0,0,1,0,0,0,1
0.3333333333333333,0.0,0.0,0.05855610025741261,0.375,1,1,1,1,1,0,0,0,0,1,0,0,0,0,1,0,0,0,1
0.3333333333333333,0.125,0.0,0.15390495017656614,0.5,1,1,1,1,1,0,0,0,0,1,0,0,0,0,1,0,0,0,1
0.3333333333333333,0.25,0.3333333333333333,0.5121218935012878,0.375,0,1,1,0,0,0,0,1,0,0,0,0,0,1,0,0,0,0,-1
1.0,0.125,0.0,0.031425107138144774,0.375,0,0,0,0,1,1,1,0,0,1,0,0,0,0,1,0,0,0,1
1.0,0.0,0.0,0.015468569817999833,0.5,0,0,0,0,1,1,1,0,0,1,0,0,0,0,1,0,0,0,1
0.3333333333333333,0.125,0.16666666666666666,0.13858277060920984,0.875,1,1,1,1,1,0,0,0,0,1,1,0,0,0,0,0,0,0,1
1.0,0.125,0.16666666666666666,0.03952536767375352,0.25,0,0,0,0,0,0,1,0,0,1,0,0,0,0,1,0,0,0,1
0.6666666666666666,0.0,0.0,0.025374310111545468,0.375,0,0,0,1,1,1,0,0,0,1,0,0,0,1,0,0,0,0,-1
0.3333333333333333,0.125,0.0,0.10364429745562033,0.25,1,1,1,1,1,0,0,0,0,1,0,0,0,0,1,0,0,0,1
1.0,0.0,0.0,0.015126992566498259,0.5,0,0,0,0,1,1,1,0,1,0,0,0,0,0,1,0,0,0,1
0.6666666666666666,0.125,0.16666666666666666,0.04489301019734967,0.125,0,0,0,0,0,1,0,0,0,1,0,0,0,1,0,0,0,0,-1
1.0,0.0,0.16666666666666666,0.024349578357040744,0.125,0,0,0,0,1,1,1,0,0,1,0,0,1,0,0,0,0,0,1
1.0,0.0,0.0,0.018542765081513996,0.5,0,0,0,0,1,1,1,0,0,1,0,0,0,0,1,0,0,0,1
1.0,0.0,0.0,0.015411575213749284,0.375,0,0,0,0,1,1,1,0,0,1,0,0,0,0,1,0,0,0,1
0.6666666666666666,0.125,0.3333333333333333,0.12687155055772734,0.625,0,0,0,0,0,1,0,0,0,1,0,0,0,0,1,0,0,0,-1
0.6666666666666666,0.125,0.16666666666666666,0.028302115124416098,0.125,0,0,0,0,0,1,0,0,0,1,0,0,1,0,0,0,0,0,1
1.0,0.0,0.0,0.015216388212891242,0.375,0,0,0,0,1,1,1,0,0,1,0,0,0,0,1,0,0,0,1
0.6666666666666666,0.0,0.0,0.022446505098674834,0.25,0,0,0,1,1,1,0,0,0,1,0,0,0,0,1,0,0,0,1
1.0,0.0,0.0,0.015712553569072387,0.5,0,0,0,0,1,1,1,0,0,1,0,0,0,0,1,0,0,0,1
0.3333333333333333,0.0,0.0,0.16883675574220638,0.5,1,1,1,1,1,0,0,0,0,1,0,0,0,0,0,0,1,0,-1
1.0,0.0,0.0,0.028302115124416098,0.375,0,0,0,0,1,1,1,0,0,1,0,0,0,0,1,0,0,0,1
1.0,0.0,0.0,0.013907073811135496,0.625,0,0,0,0,1,1,1,0,0,1,0,0,0,0,1,0,0,0,1
1.0,0.0,0.0,0.014110458666029575,0.25,0,0,0,0,1,1,1,1,0,0,0,0,0,0,1,0,0,0,1
0.3333333333333333,0.125,0.3333333333333333,0.23422440102965045,0.5,0,1,1,0,0,0,0,0,0,1,0,0,0,0,1,0,0,0,-1
1.0,0.0,0.0,0.015175789316712771,0.25,0,0,0,0,1,1,1,0,0,1,0,0,0,0,1,0,0,0,1
0.3333333333333333,0.125,0.0,0.15216446768991498,0.75,1,1,1,1,1,0,0,0,0,1,0,0,0,0,1,0,0,0,-1
0.3333333333333333,0.0,0.0,0.07729405233978466,0.375,1,1,1,1,1,0,0,1,0,0,0,1,0,0,0,0,0,0,1
1.0,0.0,0.0,0.015126992566498259,0.5,0,0,0,0,1,1,1,0,1,0,0,0,0,1,0,0,0,0,-1
1.0,0.125,0.0,0.04713766070721715,0.375,0,0,0,0,1,1,1,0,1,0,0,0,0,0,1,0,0,0,1
1.0,0.0,0.0,0.016322512946753766,0.5,0,0,0,0,1,1,1,0,0,1,0,0,0,0,1,0,0,0,1
1.0,0.0,0.0,0.018542765081513996,0.375,0,0,0,0,1,1,1,0,0,1,0,0,0,0,1,0,0,0,1
1.0,0.0,0.0,0.015330377421392339,0.625,0,0,0,0,1,1,1,0,0,1,0,0,0,0,1,0,0,0,1
0.6666666666666666,0.0,0.0,0.020494635090094415,0.75,0,0,0,1,1,1,0,0,0,1,0,0,0,0,1,0,0,0,-1
1.0,0.0,0.0,0.014102260811993537,0.375,0,0,0,0,1,1,1,1,0,0,0,0,0,0,1,0,0,0,1
0.6666666666666666,0.125,0.5,0.04489301019734967,0.75,0,0,0,0,0,1,0,0,0,1,0,0,0,0,1,0,0,0,-1
1.0,0.0,0.0,0.015126992566498259,0.25,0,0,0,0,1,1,1,0,0,1,0,0,0,0,1,0,0,0,1
1.0,0.0,0.0,0.015126992566498259,0.375,0,0,0,0,1,1,1,0,1,0,0,0,0,0,1,0,0,0,1
1.0,0.0,0.0,0.024349578357040744,0.125,0,0,0,0,1,1,1,0,0,1,0,0,0,1,0,0,0,0,-1
1.0,0.0,0.0,0.015102594191391002,0.375,0,0,0,0,1,1,1,0,1,0,0,0,0,0,1,0,0,0,1
0.3333333333333333,0.0,0.16666666666666666,0.41250332793836464,0.625,1,1,1,1,1,0,0,0,0,1,0,0,0,0,1,0,0,0,-1
1.0,0.0,0.0,0.014110458666029575,0.25,0,0,0,0,1,1,1,1,0,0,0,0,0,1,0,0,0,0,-1
0.3333333333333333,0.125,0.0,0.11125659048908397,0.25,1,1,1,1,1,0,0,0,0,1,0,0,0,0,1,0,0,0,-1
0.3333333333333333,0.0,0.0,0.05855610025741261,0.375,1,1,1,1,1,0,0,0,0,1,0,0,0,0,1,0,0,0,1
1.0,0.125,0.3333333333333333,0.04577135170121086,0.375,0,0,0,0,0,0,1,0,0,1,0,0,0,0,1,0,0,0,1
1.0,0.0,0.0,0.013760683560491965,0.375,0,0,0,0,1,1,1,0,0,1,0,0,0,0,1,0,0,0,1
1.0,0.0,0.0,0.014151057562208049,0.375,0,0,0,0,1,1,1,0,0,1,0,0,0,0,1,0,0,0,1
1.0,0.0,0.0,0.014630827210317115,0.25,0,0,0,0,1,1,1,0,0,1,0,0,0,1,0,0,0,0,-1
1.0,0.5,0.16666666666666666,0.056848213999904744,0.125,0,0,0,0,0,0,1,0,1,0,0,0,1,0,0,0,0,0,1
1.0,0.125,0.3333333333333333,0.04015972542654215,0.125,0,0,0,0,0,0,1,0,0,1,0,0,1,0,0,0,0,0,1
0.3333333333333333,0.0,0.0,0.15458810467956932,0.625,1,1,1,1,1,0,0,1,0,0,0,0,0,0,1,0,0,0,1
1.0,0.0,0.0,0.015126992566498259,0.375,0,0,0,0,1,1,1,0,1,0,0,0,0,0,1,0,0,0,1
0.6666666666666666,0.0,0.0,0.050748620223090936,0.25,0,0,0,1,1,1,0,0,0,1,0,0,0,0,1,0,0,0,1
1.0,1.0,0.3333333333333333,0.13575255909676823,0.375,0,0,0,0,0,0,1,0,0,1,0,0,0,1,0,0,0,0,-1
0.3333333333333333,0.0,0.0,0.05991421140938287,0.375,1,1,1,1,1,0,0,1,0,0,0,0,0,0,1,0,0,0,1
1.0,0.0,0.0,0.015411575213749284,0.375,0,0,0,0,1,1,1,0,0,1,0,0,0,0,1,0,0,0,1
0.6666666666666666,0.0,0.0,0.025374310111545468,0.5,0,0,0,1,1,1,0,0,0,1,0,0,0,0,1,0,0,0,1
0.3333333333333333,0.0,0.0,0.050610427826483444,0.625,1,1,1,1,1,0,0,0,0,1,0,1,0,0,0,0,0,0,-1
1.0,0.0,0.0,0.016948672845506364,0.5,0,0,0,0,1,1,1,0,0,1,0,0,0,0,1,0,0,0,-1
1.0,0.0,0.0,0.014110458666029575,0.375,0,0,0,0,1,1,1,1,0,0,0,0,0,0,1,0,0,0,1
1.0,0.125,0.16666666666666666,0.04713766070721715,0.375,0,0,0,0,0,0,1,0,0,1,0,0,0,0,1,0,0,0,-1
0.6666666666666666,0.0,0.0,0.025374310111545468,0.5,0,0,0,1,1,1,0,0,0,1,0,0,0,0,1,0,0,0,1
0.6666666666666666,0.125,0.16666666666666666,0.05123658772523604,0.5,0,0,0,0,0,1,0,0,0,1,0,0,0,0,1,0,0,0,-1
0.3333333333333333,0.125,0.3333333333333333,0.23422440102965045,0.25,0,1,1,0,0,0,0,0,0,1,0,0,1,0,0,0,0,0,1
1.0,0.0,0.16666666666666666,0.016623491302076868,0.125,0,0,0,0,1,1,1,1,0,0,0,0,1,0,0,0,0,0,1
1.0,0.0,0.0,0.013614293309848433,0.375,0,0,0,0,1,1,1,0,0,1,0,0,0,0,1,0,0,0,1
1.0,0.0,0.0,0.015175789316712771,0.5,0,0,0,0,1,1,1,0,0,1,0,0,0,0,1,0,0,0,1
0.3333333333333333,0.0,0.0,0.0,0.5,1,1,1,1,1,0,0,0,0,1,0,0,0,0,1,0,0,0,1
1.0,0.0,0.0,0.015175789316712771,0.25,0,0,0,0,1,1,1,0,0,1,0,0,0,1,0,0,0,0,-1
0.6666666666666666,0.0,0.0,0.025374310111545468,0.5,0,0,0,1,1,1,0,0,0,1,0,0,0,0,1,0,0,0,1
0.3333333333333333,0.125,0.0,0.10364429745562033,0.5,1,1,1,1,1,0,0,0,0,1,0,0,0,0,1,0,0,0,-1
1.0,0.0,0.0,0.015395374692678068,0.375,0,0,0,0,1,1,1,0,0,1,0,0,0,0,1,0,0,0,1
1.0,0.0,0.0,0.04713766070721715,0.5,0,0,0,0,1,1,1,0,0,1,0,0,0,0,1,0,0,0,1
0.6666666666666666,0.0,0.0,0.020494635090094415,0.5,0,0,0,1,1,1,0,0,0,1,0,0,0,0,1,0,0,0,1
1.0,0.5,0.3333333333333333,0.06104473451835265,0.125,0,0,0,0,0,0,1,0,0,1,0,0,0,1,0,0,0,0,-1
1.0,0.0,0.0,0.015712553569072387,0.5,0,0,0,0,1,1,1,0,0,1,0,0,0,0,1,0,0,0,1
0.3333333333333333,0.0,0.0,0.0,0.375,1,1,1,1,1,0,0,0,0,1,0,0,0,0,1,0,0,0,1
1.0,0.0,0.0,0.015468569817999833,0.375,0,0,0,0,1,1,1,0,0,1,0,0,0,1,0,0,0,0,-1
0.6666666666666666,0.125,0.16666666666666666,0.07222738817151159,0.5,0,0,0,0,0,1,0,1,0,0,0,0,0,0,1,0,0,0,1
1.0,0.0,0.0,0.012589561555343713,0.625,0,0,0,0,1,1,1,0,0,1,0,0,0,0,1,0,0,0,1
1.0,0.375,0.3333333333333333,0.05445717323939373,0.125,0,0,0,0,0,0,1,0,0,1,0,0,1,0,0,0,0,0,1
0.3333333333333333,0.125,0.16666666666666666,0.18249984580226933,0.75,1,1,1,1,1,0,0,0,0,1,0,0,0,0,1,0,0,0,-1
1.0,0.0,0.0,0.016908073949327893,0.375,0,0,0,0,1,1,1,0,0,1,0,0,0,0,1,0,0,0,1
0.3333333333333333,0.0,0.0,0.0,0.5,1,1,1,1,1,0,0,0,0,1,0,0,0,0,1,0,0,0,1
1.0,0.0,0.16666666666666666,0.024349578357040744,0.375,0,0,0,0,1,1,1,0,0,1,0,0,0,0,1,0,0,0,-1
1.0,0.5,0.16666666666666666,0.07746484096553544,0.125,0,0,0,0,0,0,1,0,0,1,0,0,1,0,0,0,0,0,1
1.0,0.0,0.0,0.013565496559633922,0.375,0,0,0,0,1,1,1,0,1,0,0,0,0,0,1,0,0,0,1
1.0,0.0,0.0,0.11027245763075773,0.375,0,0,0,0,1,1,1,0,0,1,0,0,0,0,1,0,0,0,1
0.6666666666666666,0.0,0.3333333333333333,0.07222738817151159,0.125,0,0,0,0,0,1,0,1,0,0,0,0,1,0,0,0,0,0,1
1.0,0.0,0.0,0.015126992566498259,0.375,0,0,0,0,1,1,1,0,1,0,0,0,0,0,1,0,0,0,1
0.3333333333333333,0.0,0.0,0.15614960068643363,0.875,1,1,1,1,1,0,0,0,0,1,0,0,0,0,1,0,0,0,-1
1.0,0.125,0.0,0.028212719478023115,0.25,0,0,0,0,1,1,1,1,0,0,0,0,0,0,1,0,0,0,-1
0.6666666666666666,0.125,0.16666666666666666,0.03659756266088288,0.125,0,0,0,0,0,1,0,0,0,1,0,0,1,0,0,0,0,0,1
1.0,0.0,0.0,0.014110458666029575,0.375,0,0,0,0,1,1,1,1,0,0,0,0,0,0,1,0,0,0,1
1.0,0.0,0.0,0.015330377421392339,0.375,0,0,0,0,1,1,1,0,0,1,0,0,0,0,1,0,0,0,1
1.0,0.0,0.0,0.016200521071217493,0.25,0,0,0,0,1,1,1,0,0,1,0,0,0,0,1,0,0,0,1
0.3333333333333333,0.125,0.16666666666666666,0.16231419173453318,0.5,1,1,1,1,1,0,0,1,0,0,0,0,0,1,0,0,0,0,-1
1.0,0.0,0.0,0.016908073949327893,0.375,0,0,0,0,1,1,1,0,0,1,0,0,0,0,1,0,0,0,1
1.0,0.0,0.0,0.015712553569072387,0.375,0,0,0,0,1,1,1,0,0,1,0,0,0,0,1,0,0,0,1
1.0,0.0,0.0,0.11027245763075773,0.5,0,0,0,0,1,1,1,0,0,1,0,0,0,0,1,0,0,0,1
0.3333333333333333,0.0,0.0,0.057970539254838485,0.375,1,1,1,1,1,0,0,1,0,0,0,0,0,0,1,0,0,0,1
1.0,0.0,0.0,0.015468569817999833,0.25,0,0,0,0,1,1,1,0,0,1,0,0,0,0,1,0,0,0,1
0.6666666666666666,0.0,0.0,0.020494635090094415,0.25,0,0,0,1,1,1,0,0,0,1,0,0,0,0,1,0,0,0,1
0.3333333333333333,0.0,0.0,0.060507970265993034,0.375,1,1,1,1,1,0,0,1,0,0,0,0,0,1,0,0,0,0,-1
1.0,0.0,0.0,0.012565163180236457,0.5,0,0,0,0,1,1,1,1,0,0,0,0,0,0,1,0,0,0,1
1.0,0.0,0.0,0.016908073949327893,0.25,0,0,0,0,1,1,1,0,0,1,0,0,0,0,1,0,0,0,1
1.0,0.0,0.0,0.014736618564782174,0.625,0,0,0,0,1,1,1,0,0,1,0,0,0,0,1,0,0,0,1
1.0,1.0,0.3333333333333333,0.13575255909676823,0.375,0,0,0,0,0,0,1,0,0,1,0,0,0,0,1,0,0,0,1
1.0,0.0,0.0,0.015411575213749284,0.5,0,0,0,0,1,1,1,1,0,0,0,0,0,0,1,0,0,0,1
0.6666666666666666,0.0,0.16666666666666666,0.06441171028315387,0.375,0,0,0,1,1,1,0,0,0,1,0,0,0,0,0,0,0,1,1
0.3333333333333333,0.125,0.0,0.17391981561855152,0.375,1,1,1,1,1,0,0,1,0,0,0,0,0,0,1,0,0,0,-1
1.0,0.5,0.3333333333333333,0.06104473451835265,0.125,0,0,0,0,0,0,1,0,0,1,0,0,1,0,0,0,0,0,1
1.0,0.0,0.0,0.015175789316712771,1.0,0,0,0,0,1,1,1,0,0,1,0,0,0,0,1,0,0,0,1
1.0,0.125,0.16666666666666666,0.029757819776815374,0.125,0,0,0,0,0,0,1,1,0,0,0,0,0,1,0,0,0,0,-1
0.3333333333333333,0.0,0.16666666666666666,0.07690367833806856,0.25,1,1,1,1,1,0,0,0,0,1,0,0,0,1,0,0,0,0,-1
0.6666666666666666,0.125,0.0,0.050748620223090936,0.625,0,0,0,1,1,1,0,0,0,1,0,0,0,0,1,0,0,0,-1
1.0,0.0,0.16666666666666666,0.01824998458022693,0.25,0,0,0,0,1,1,1,0,0,1,0,0,0,0,1,0,0,0,-1
0.3333333333333333,0.125,0.16666666666666666,0.32179836714362564,0.625,1,1,1,1,1,0,0,0,0,1,0,0,0,0,1,0,0,0,-1
0.3333333333333333,0.0,0.0,0.051822148727810165,0.75,1,1,1,1,1,0,0,0,0,1,0,0,0,0,1,0,0,0,1
1.0,0.0,0.5,0.03758969818624431,0.375,0,0,0,0,0,0,1,1,0,0,0,0,0,0,1,0,0,0,-1
1.0,0.0,0.0,0.014110458666029575,0.375,0,0,0,0,1,1,1,1,0,0,0,0,0,0,1,0,0,0,1
1.0,0.25,0.0,0.027537567642055148,0.625,0,0,0,0,0,0,1,0,0,1,0,0,0,0,1,0,0,0,1
0.6666666666666666,0.125,0.0,0.022446505098674834,0.375,0,0,0,1,1,1,0,0,0,1,0,0,0,0,1,0,0,0,1
0.3333333333333333,0.0,0.0,0.050610427826483444,0.625,1,1,1,1,1,0,0,0,0,1,0,0,0,0,1,0,0,0,-1
1.0,1.0,0.3333333333333333,0.13575255909676823,0.375,0,0,0,0,0,0,1,0,0,1,0,0,0,1,0,0,0,0,-1
0.6666666666666666,0.0,0.0,0.025374310111545468,0.375,0,0,0,1,1,1,0,0,0,1,0,0,0,0,1,0,0,0,1
0.6666666666666666,0.0,0.0,0.025374310111545468,0.625,0,0,0,1,1,1,0,0,0,1,0,0,0,0,1,0,0,0,-1
0.6666666666666666,0.125,0.0,0.027049600139910042,0.375,0,0,0,1,1,1,0,1,0,0,0,0,0,1,0,0,0,0,-1
0.3333333333333333,0.0,0.0,0.09856123757927521,0.5,1,1,1,1,1,0,0,0,0,1,0,0,0,0,1,0,0,0,1
1.0,0.0,0.0,0.018542765081513996,0.375,0,0,0,0,1,1,1,0,0,1,0,0,0,0,1,0,0,0,1
1.0,0.125,0.16666666666666666,0.021730754366528396,0.125,0,0,0,0,0,0,1,0,0,1,0,0,1,0,0,0,0,0,1
1.0,0.0,0.0,0.015411575213749284,0.375,0,0,0,0,1,1,1,0,0,1,0,0,0,0,1,0,0,0,1
0.3333333333333333,0.125,0.16666666666666666,0.10257896680493714,0.625,1,1,1,1,1,0,0,0,0,1,0,0,0,0,1,0,0,0,-1
0.3333333333333333,0.0,0.0,0.009759350042902102,0.5,1,1,1,1,1,0,0,0,0,1,0,0,0,0,1,0,0,0,1
1.0,0.0,0.0,0.017566830077223785,0.625,0,0,0,0,1,1,1,0,0,1,0,0,0,0,1,0,0,0,1
0.6666666666666666,0.125,0.0,0.04684488020593009,0.375,0,0,0,1,1,1,0,1,0,0,0,0,0,0,1,0,0,0,-1
1.0,0.0,0.0,0.014102260811993537,0.25,0,0,0,0,1,1,1,1,0,0,0,0,0,1,0,0,0,0,-1
1.0,0.0,0.0,0.019217721730481106,0.25,0,0,0,0,1,1,1,0,0,1,0,0,0,0,1,0,0,0,1
1.0,0.0,0.0,0.015411575213749284,0.25,0,0,0,0,1,1,1,0,0,1,0,0,0,0,1,0,0,0,1
1.0,0.0,0.0,0.015411575213749284,0.375,0,0,0,0,1,1,1,0,0,1,0,0,0,0,1,0,0,0,1
0.3333333333333333,0.0,0.16666666666666666,0.16231419173453318,0.75,1,1,1,1,1,0,0,1,0,0,0,0,0,0,1,0,0,0,-1
0.6666666666666666,0.0,0.16666666666666666,0.050748620223090936,0.375,0,0,0,1,1,1,0,0,0,1,0,0,0,0,1,0,0,0,-1
1.0,0.0,0.0,0.015411575213749284,0.5,0,0,0,0,1,1,1,0,0,1,0,0,0,0,1,0,0,0,1
1.0,0.0,0.0,0.02052723131923771,0.375,0,0,0,0,1,1,1,0,0,1,0,0,0,1,0,0,0,0,-1
0.6666666666666666,0.0,0.0,0.020494635090094415,0.375,0,0,0,1,1,1,0,0,0,1,0,0,0,0,1,0,0,0,1
1.0,0.0,0.0,0.013760683560491965,0.375,0,0,0,0,1,1,1,0,0,1,0,0,0,0,1,0,0,0,1
1.0,0.0,0.8333333333333334,0.056848213999904744,0.5,0,0,0,0,0,0,1,0,1,0,0,0,0,0,1,0,0,0,-1
0.6666666666666666,0.0,0.0,0.025374310111545468,0.375,0,0,0,1,1,1,0,0,0,1,0,0,0,0,0,0,0,1,1
0.3333333333333333,0.0,0.0,0.05855610025741261,0.25,1,1,1,1,1,0,0,0,0,1,0,0,0,1,0,0,0,0,-1
1.0,0.125,0.3333333333333333,0.04577135170121086,0.375,0,0,0,0,0,0,1,0,0,1,0,0,0,1,0,0,0,0,-1
0.3333333333333333,0.0,0.0,0.05855610025741261,0.375,1,1,1,1,1,0,0,1,0,0,0,0,0,0,1,0,0,0,1
1.0,0.0,0.0,0.015126992566498259,0.5,0,0,0,0,1,1,1,0,1,0,0,0,0,0,1,0,0,0,1
